0.854833644,0.515151418,0.001,0.457776551,1,0.001,0,0,0.88470907,0.720839104,0.518594628,0.849157912,0.76752415,0.763398361,0.435924483,0,0.638412482,0.5,0.390231475
0.096395234,0.277398244,0.001,0.239819325,0.455921281,0.001,0.085549653,0.008422757,0.993174777,0.195659248,0.559000911,0.336614315,0.597191118,0.618894139,0.14665492,0.934951812,0.653703489,0.466055256,0.289439047
0.083449381,0.519106149,0.001,0.902570788,0.221189901,0.007228978,0.017557936,0.025121112,0.001,0.595270771,0.271790941,0,0.545844983,0.404957094,0,0.929115298,0.739645829,0.428529113,0.306235512
0.27657909,0.001,0.001,0.802797015,0.788066891,0.001776223,0.083863909,0.00894394,0.851501478,0.392105836,0.177033984,0.464575714,0.969078261,0.623430952,0.347600393,0.46318223,0.911247983,0.5,0.469021154
0.246771738,0.908525345,0.001,0.953855246,0.225710079,0.019055364,0.08851204,0.034751891,0.767693498,0.051518602,0.04971044,0.002897874,0.901161855,0.775356842,0.050487622,0.672747255,0.508438197,0.49480747,0.331155133
0.394247895,0.244602016,0.001,0.492632979,0.930297531,0.055758693,0.016849582,0.099873925,1,1,0.514330276,0.720834409,0.576033486,7.91E-04,0.410092002,0.999256141,0.154295905,0.485294961,0.445735615
0.43166313,0.91301801,0.004972879,0.90127814,0.217940732,0.004641029,0.068765006,0.032596141,0.990946944,0.083425098,0.047063467,0,0.166976873,0.982750414,0.156929295,0.675475142,0.375134031,0.5,0.5
0.571224366,0.339268643,0.001,0.654533603,0.204397807,0.001000325,0.095109033,0.002959685,1,0.761055667,0.836212799,0.522307353,0.196588968,0.699653407,0.009510697,0.490542549,0.784685625,0.433898287,0.488529815
0.195105869,0.470728539,0.002656764,0.348802011,0.637275534,0.002703416,0.08456952,0.016734287,0.997286325,0.632698703,0.947573248,0.519896366,0.614136517,0.67471029,0.017774323,0.764864692,0.645099585,0.495759528,0.498913845
0.365561765,0.22711926,0.001184609,0.68765878,0.291944301,0.018859225,0.099250076,0.016596702,0.569988345,0.715593668,0.717465777,0.189162981,0.102240383,0.468728916,0.035625319,0.01982138,0.431895422,0.496265022,0.430266206
0.061319095,0.846534285,0.001,0.918911595,0.976240309,0.007545784,0.02165554,0.027942628,0.001082557,0.586000492,0.271790941,0.050647001,0.545844983,0.404957094,0.060799811,0.945854137,0.277365484,0.497966554,0.477316088
0.526334294,0.362406555,0.005038243,0.108826151,0.075507008,0.010263811,0.087610713,0.034387204,0.421552177,0.494399632,0.665915872,0.644584982,0.279357101,0.047925614,0.046423029,0.908398971,0.835622162,0.5,0.397154165
0.156066693,0.859498234,0.001050129,0.924711061,0.418043391,0.008388442,0.059850895,3.91E-04,0.001082557,0.586000492,0.262834205,0.473308144,0.545844983,0.404957094,0.060799811,0.508116164,0.29517524,0.497966554,0.473394509
0.224375786,0.695741807,0.001,0.998780768,0.311117368,0.008505524,0.1,0.04187799,0.0530767,0.234111736,0.107365016,0.056133869,0.153039906,0.838068046,0,0.427582264,0.321387168,0.377414707,0.2751667
0.326523696,0.876373047,0.001,0.969357414,0.778916759,0.001,0.095132624,0.024493458,0.020055354,0.223393867,0.082930364,0.812020237,0.580156612,0.398704229,0.05983987,0.652660327,0.641105161,0.280674417,0.478514727
0.021641259,0.585163487,0.006063464,0.062020688,0.597307954,0.001404162,0.07662967,0.038574427,0.042096918,0.007969103,0.045327915,0.023819338,0.890430578,0.660732311,0.003942614,0.420209407,0.667047863,0.460461911,0.5
0.501878766,0.019943173,0.001024655,0.001,0.854251479,0.008334043,0.099506942,0.005010317,1,0.01953629,0.535153314,1,0.360906386,0.254272081,5.72E-04,0.990058857,0.302324773,0.106737453,0.218705261
0.193975545,0.564464872,0.001376006,0.918304161,0.155936909,0.008824778,0.025450329,0.022378564,0.04532537,0.481450427,0.159606167,0.055610456,0.596158867,0.439788537,0,0.90598652,0.679949608,0.452346806,0.36926333
0.307878007,0.818441712,0.001751521,0.858308687,0.001,0.01070635,0.092352399,0.008975438,0.88100556,0.165315436,0.584264957,0.454128559,0.550285487,0.57147022,0.25858023,0.718265291,0.769892961,0.5,0.406354981
0.120813493,0.881820982,0.001001604,0.853086104,0.56471795,0.002271581,0.048528735,0.051639401,0.001,0.674080148,0,0.722117083,0.970134971,0.478665994,0.003142062,0.676101401,0.636610055,0.406699901,0.482014352
0.293284682,0.401836352,0.001,0.570400743,0.877012634,0.001,0.095732925,0.021584831,1,0.20510346,0.754061942,0.476149251,0.046330303,0.867202384,0.383013113,0.416295053,0.806374445,0.418577896,0.23120432
0.685703762,0.602312826,0.001,0.570400743,0.764648908,0.001,0.095732925,0.048716369,1,0.20510346,0.848065426,0.476149251,0.09478773,0.867202384,0.383013113,0.416295053,0.806374445,0.418577896,0.23120432
0.291630321,0.634088331,0.002490767,0.056117868,0.174368303,0.002994084,0.074457085,0.00360992,0.956247761,0.243720256,0.48935011,0.400789256,0.93923307,0.535851023,0.382166136,0.937768755,0.931273621,0.499744562,0.377680364
0.181218883,0.316846659,0.001,0.666731763,0.343395747,0.00193553,0.099906886,0.002647245,0.735870185,0.905499843,0.792898218,0.49231723,0.667092807,0.682901139,0.00210393,0.53248362,0.259624027,0.499999199,0.450137571
0.223138909,0.621543606,0.001876097,0.492200183,0.597307954,0.004445938,0.098224687,0.094727551,0.089919698,0.700202281,0.876582586,0.023819338,0.595015234,0.665725115,0.0296082,0.930138362,0.641207657,0.498003144,0.5
0.244593854,0.823018918,0.001112209,0.879316927,0.868882064,0.008075969,0.090320683,0.021175718,0.033909923,0.245147069,0.981653301,0.612667498,0.551477845,0.951679703,0.015378482,0.339024644,0.195238755,0.41351609,0.392324368
0.211652744,0.62432844,0.001,0.324413119,0.761930214,0.001645568,0.097154021,0.020053,0.001,0.943934206,0,0.861070159,0.618260557,0.956823589,2.14E-04,0.707017,0.587916053,0.407133045,0.48236899
0.029234531,0.699305316,0.001,0.173583711,0.874184533,0.002249061,0.071058354,0.035503686,0.950292307,0.459366502,0.279337509,0.530010605,0.043905607,0.884711551,0.222188455,0.929137407,0.618532914,0.499958493,0.354167062
0.154357788,0.449571219,0.001001784,0.268959318,0.659567751,0.001,0.09565634,6.90E-04,0.002667136,0.001,0.486322526,0.372283123,0.118125585,0.786354329,0.214509138,0.600058518,0.510642755,0.432731013,0.498743322
0.185693874,0.73141497,0.001,0.325170459,0.598814917,0.001,0.019718531,0.036036455,0.041721236,0.547649763,0.809696434,0.540751025,0.576391306,0.561340586,0.144938485,0.824611658,0.538128601,0.449578812,0.248659032
0.2254747,0.168346882,0.001,1,0.556388417,0.001,0.076338469,0.087683711,0.024944779,0.091276131,0.653578133,0.333586186,0.420370577,0.323427074,0.0803022,0.889715616,0.865601914,0.5,0.485933484
0.3856351,0.006338307,0.001043685,0.52774839,0.397510812,0.001205249,0.098547235,3.87E-04,0.686349721,0.476921703,0.356749763,0.98769292,0.977926842,0.426497804,0.128957745,0.546415549,0.389720227,0.5,0.452732561
0.064379633,0.153425539,0.001,1,0.627156788,0.001,0.093392282,0.033559442,0.755222717,0.034072484,0.222039621,0.784894461,0.183999654,0.698545172,0.159409884,0.992196123,0.263127844,0.5,0.186662994
0.061269396,0.567361818,0.001,0.191652585,0.348099903,0.001,0.099997855,0.1,0.007257845,0.703592984,0.340945558,0.276881502,0,0.434203947,0.121878293,0.779638677,0.544797448,0.393945211,0.239750202
0.267904572,0.22136383,0.001,0.148301507,0.749860873,0.003613569,0.0976228,0.007790845,0.851205402,0.505698616,0.707043429,0.655188306,0.170249319,0.357735803,0.196224597,0.384748053,0.798923987,0.49838305,0.371152004
0.1255946,0.269026197,0.001,0.360480933,0.933125917,0.005392617,0.004210598,0.094593839,0.026062409,0.445062556,0.183065724,0.484269343,0.386995312,0.458855835,0.145219616,0.970435681,0.516112614,0.40448265,0.361322126
0.124085569,0.378100729,0.002098474,0.586020539,0.472597661,0.007999771,0.084168564,0.048871685,0.001,0.431756135,0.51502228,0.3144105,0.454493325,0.565454434,0.016925739,0.983082816,0.553626504,0.48835689,0.472866852
0.19125439,0.668385845,0.001,0.453826144,0.667306861,0.001,0.024754278,0,0.001,0.123801828,0.02330089,0.266941474,0.472489126,0.361527882,0.13679959,0.681279092,0.172842247,0.348265849,0.418099593
0.152316036,0.459434341,0.001529641,0.393760603,0.906817901,0.003092079,0.071686213,0.011850187,0.043415358,0.401849589,0.867845611,0.65569519,0.100667934,0.531014165,0.201025194,0.848352062,0.414338941,0.418548503,0.385076553
0.222778184,0.379799374,0.001,0.71426869,0.562209955,0.014944345,0.083767515,0.009599758,0.568691401,0.72315213,0.365955334,0.409634728,0.20118237,0.444673817,0,0.580204268,0.59860924,0.5,0.5
0.27247005,0.278256318,0.001034611,0.45678768,0.554270571,0.020129952,0.096474746,0.080561522,1,1,0.274542921,0.239698125,0.299789673,0.879627505,0.119447868,0.83285376,0.874181137,0.319757604,0.466164228
0.216474819,0.126150441,0.001664877,0.74860513,0.356227339,0.009274634,0.067256109,0.05028278,0.001,0.375408339,0.867575742,0.358479989,0.105322734,0.838833791,0.135955984,0.981368298,0.513150667,0.452535072,0.476602049
0.06046637,0.398138286,0.001008394,0.882276016,0.482395634,0.019126788,0.003570687,0.070208111,0.001,0.435274013,0.019385946,0.306810519,0.35940768,0.437814053,0.639046793,0.999208737,0.48810023,0.494139933,0.462107794
0.186985848,0.49231281,0.001,0.88334595,0.92681399,0.001,0.06760151,0.04202306,0.030661268,0.85331057,0.55198268,0.738763578,0.304063061,0.550489361,0.213193499,0.792116071,0.759791881,0.444586844,0.272067276
0.127109199,0.680388558,0.001,0.259367886,0.680723207,0.001,0.099573971,0.09562076,0.079848535,0.447834912,0.451121461,0.454452512,0.459279374,0.624934654,0.212446876,0.978296345,0.408889972,0.48838133,0.350613143
0.123140584,0.577774754,0.001,0.185266266,0.640656505,0.001283652,0.099928679,9.49E-04,0.354160381,0.107319488,0.1695944,0.339182639,0.199141433,0.72525815,0.17488232,0.290915701,0.764269649,0.491317091,0.347718758
0.124495702,0.380222989,0.001,0.946246586,0.451948285,0.006282511,0.055076298,0.078581607,0.001,0.314494882,0.144186364,0.583959322,0.005017871,0.619526313,0.217219613,1,0.918585167,0.458908814,0.349096419
0.305594955,1,0.001340917,0.508475423,0.060244861,0.001,0.09064803,0.031429818,0.030894321,0.524052848,0.703345792,0.348890565,0.325188859,0.758333443,0.001989227,0.955653333,0.45332981,0.488037327,0.5
0.086871232,0.202854924,0.001,0.820917149,0.691320718,0.006536897,0.099421216,0.019661267,0.001,0.02874472,0.308873469,0.812762803,0.294678035,0.074465293,0.069092953,0.643565702,0.540184676,0.481677056,0.314371248
0.080316034,0.457692052,0.001045685,0.952779321,0.553173023,0.012159416,0.08876758,0.034711861,0.038741309,0.281181888,0.694795425,0.487459827,0.77093804,0.614527084,0.080379842,0.888019354,0.780366405,0.494765399,0.429711382
0.1255946,0.269026197,0.001,0.360480933,0.933125917,0.005392617,0.004210598,0.094593839,0.026062409,0.445062556,0.183065724,0.484269343,0.386995312,0.458855835,0.145219616,0.970435681,0.516112614,0.478780234,0.471132717
0.154528155,0.992664586,0.001,0.047868705,0.416456617,0.001,0.074312562,0.055253237,0.061189287,0.96215285,0.096778217,0.040728441,0.238555129,0.265426984,0.215141201,0.358014861,0.331420983,0.305322314,0.499982066
0.99768382,1,0.001,1,0.284208163,0.045498458,0.090502926,0.003577928,1,1,0.349549099,1,0.182845389,0.718934519,0.631137474,0.883935163,0.658656262,0.101556013,0.111785866
1,1,0.001,1,1,0.045498458,0.090502926,0.1,1,1,0.077070392,1,0.374745832,0.718934519,0.631137474,0.883935163,0.654480659,0.1,0.111764904
0.925454554,0.103153863,0.001572466,0.39788308,0.543884696,0.060652995,0.092705126,0.06822534,1,0.781462036,0.304345192,0.41042355,0.292867276,0.413398126,0.950799593,1,0.56331515,0.5,0.321397534
0.609052263,1,0.001,0.993897316,0.250215478,0.137329345,0.075611233,0.077159576,1,1,0.988850013,0.469477589,0.212255534,0.281230205,0.653160017,0.855212305,0.654502041,0.399502525,0.131210546
1,0.061515879,0.965846841,0.224754102,0.124250549,0.058786055,0.09640953,0.036771583,1,0.61433267,0.49569114,0.040411818,0.030956286,0.397713729,0.134574862,0.935134689,0.942253815,0.459984505,0.280823434
0.114027763,0.001,0.001,0.470399254,1,0.001,0.043414467,0.021868109,1,1,0.277216793,0.565525627,0.792358871,0,0.30533759,0.488266074,0.267725044,0.5,0.1
0.412379756,0.038248546,0.007190791,0.478596447,0.730553732,0.073851234,0.068501958,0.033736973,1,0.760735914,0.240619323,1,0.003467802,0.750323388,0.045508541,0.613508253,0.668090302,0.382297898,0.29900944
0.05760484,0.253198619,0.001,0.831502947,0.420324107,0.001020613,0.076193418,0.055253237,0.015871614,0.96215285,0.096778217,0.040728441,0.238555129,0.247599272,0.717169342,0.358014861,0.331420983,0.306685036,0.49845985
0.21668842,0.113768642,0.001,0.641789516,0.75965793,0.004954997,0.00260089,0.024773591,0.030788306,0.867032996,0.425289954,0.031405407,0.397861024,0.725547138,0.52679044,0.852874536,0.685135992,0.449146453,0.296099993
0.417330106,0.75623791,0.001,0.75091437,0.250215478,0.007197691,0.076835663,2.42E-04,1,1,0.734292061,0.486706629,0.400596561,0.57202814,0.653160017,0.856481209,0.633301961,0.399502525,0.131210546
0.060663682,0.977598512,0.001,0.862018049,0.348969399,0.001,0.098023253,0.002021285,0.001,0.290717824,0.081107097,0.041653138,0.624188288,0.682993121,0.100802052,0.973230534,0.943360743,0.460064163,0.445670176
0.417330106,0.75623791,0.001,0.75091437,0.250215478,0.007197691,0.076835663,2.42E-04,1,1,0.734292061,0.486706629,0.400596561,0.57202814,0.653160017,0.856481209,0.633301961,0.399502525,0.131210546
0.154113543,0.177401741,0.001084557,0.04811211,0.187994549,0.006097863,0.095090019,0.012775936,0.880830761,0.260420917,0.076267748,0.929983988,0.287521414,0.509792799,0.146853834,0.642925824,0.557630358,0.490615462,0.470289956
0.337496228,0.178284239,0.001500756,0.083735254,0.108541999,0.007763308,0.009342224,0.010479587,1,1,0.882060809,0.695535172,0.994448406,0.892760502,0.107078444,0.639263996,0.695645524,0.47182274,0.247278076
0.212670224,0.966160853,0.001276314,0.177940637,0.104268229,0.004681583,0.002296983,0.012663696,0.501148838,0.548940236,0.911286456,0.156209616,0.39001241,0.232215186,0.002359106,0.343439933,0.89605806,0.49483661,0.453945537
0.027013004,0.408940515,0.001,0.40233211,0.810493115,0.001,0.024473365,0.09909374,0.009166733,0.678885602,0.720893443,0.245740932,0.455517375,0.788828586,0.475594796,0.209776214,1,0.323291955,0.33079515
0.320178589,0.381234416,0.001,0.222841272,0.24869094,0.001183564,0.099149025,0.011168793,0.815870751,0.528003981,0.995254622,0.156582932,0.637169842,0.581290953,0.098314008,0.357515088,0.663089246,0.499258596,0.35706234
0.187621118,0.395539583,0.001,0.834429689,0.156090425,0.001,0.005349748,0,0.001,0.455728954,0.509696561,0,0.314742239,0.936822208,0,0.867252249,0.463346581,0.47175832,0.5
0.764019606,1,0.001,0.955942782,0.225084239,0.34645456,0.001696556,0.033971834,1,1,0.773295865,0.469477589,0.448644337,0.281230205,0.653160017,0.855212305,0.654502041,0.340290838,0.428150472
0.154906305,0.56922585,0.001,0.905783335,0.805704391,0.001,0.0312782,0.014487049,0.001,0.789972403,0.139802676,0.145698985,0.560476421,0.522683116,0.952841698,0.669359534,0.645624056,0.491123439,0.482028969
0.060194998,0.710713535,0.001,0.544973472,0.377114742,0.001,0.074346387,0.1,0.001,0.552923631,0.759528281,0.61833869,0.644182461,0.70093252,0.239425349,0.139404225,0.250277111,0.210130877,0.5
0.292770579,0.983405655,0.001,0.572362671,0.418727878,0.001,0.077444467,0.056322581,0.093437814,0.866076149,0.102740493,0.764044976,0.746600862,0.265955416,0.212018033,0.616313223,0.373274058,0.472285682,0.43049541
0.077740688,0.040274997,0.001,0.310764449,0.210062119,0.001,0.063927895,0.1,0.001,0.746050479,0.06436888,0.880384021,0.1434356,0,0.83986035,0.795330352,0.560930643,0.496835756,0.5
0.071925116,0.667341128,0.001,0.996442878,0.365273631,0.001,0.071045694,0.054833404,0.021584748,0.784749828,0.360587019,0.889784392,0.790574315,0.123215574,0.803592144,0.14843364,0.138294411,0.443832942,0.274328436
0.244887884,0.463966141,0.001,0.667288257,0.104968744,0.013565936,0.040379928,0.056415771,0.034781926,0.516417029,0.186935305,0.795602922,0.630107436,0.291925043,0.260914068,0.779015006,0.445210726,0.293839988,0.361977093
0.357846505,0.775306041,0.001,0.845169775,0.24313643,0.031982456,0.099585421,0.023538081,1,0.33107511,0.711614372,0.475554227,0.398587783,0.250174722,0.798367965,0.52189708,0.712190011,0.325312936,0.473071212
0.082785022,0.892785566,0.001,0.933714441,0.086857349,0.003140972,0.094149174,0.036724186,0.021909594,0.322653981,0.110989316,0.647130491,0.60231995,0.118807504,0.009942765,0.609112489,0.552924251,0.485115858,0.45827921
0.853352437,1,0.001,0.373185285,0.90585702,0.225585196,0,0.030382481,1,1,0.844699057,0.801110469,1,0.885170687,0.604639446,0.407717644,0.370237302,0.5,0.426186174
0.124796524,0.882479144,0.001,0.933714441,0.041457285,0.003102667,0.047119055,0.036272909,0.021909594,0.057331575,0.110989316,0.609897551,0.60231995,0.118807504,0.009942765,0.609112489,0.268200918,0.442179967,0.448841235
0.150136388,0.95799181,0.001238175,0.617216557,0.490753122,0.005471776,0.0995246,0.023143141,0.025014981,0.535736622,0.262517693,0.749163716,0.682111261,0.507280549,0.277300218,0.523466288,0.429716048,0.483215967,0.377355488
0.267203189,0.555102594,0.001,0.882260867,0.18236492,0.001,0.046820865,0.044264569,0.001,0.544535014,0.006171699,0.934550427,0.970193595,0.490851406,0.221216555,0.956357115,0.575226709,0.396430014,0.430953795
0.067483638,0.944734034,0.001,0.161945694,0.847996917,0.001,0.082667374,0.094228841,0.001,0.185655936,0.248539071,0.270498722,0.592247849,0.718349753,0,0.767972979,0.327452389,0.327565863,0.46184046
0.124440489,0.892785566,0.001,0.933714441,0.086857349,0.003140972,0.047119055,0.036272909,0.021909594,0.310522622,0.111359485,0.647130491,0.815563989,0.118807504,0.452224944,0.582145485,0.427366868,0.485115858,0.448841235
0.262431165,0.887570228,0.001182859,0.299395353,1,0.062608745,0.01947269,4.22E-04,1,1,0.356053927,0.61237337,0.575155363,0.409164298,0.163228109,0.865786925,0.366274356,0.415505861,0.1
0.124796524,0.882479144,0.001,0.933714441,0.041457285,0.003102667,0.047119055,0.036272909,0.021909594,0.057331575,0.110989316,0.609897551,0.60231995,0.118807504,0.302372749,0.609112489,0.268200918,0.442179967,0.448841235
0.080497533,0.668391506,0.001,0.165086101,0.764892962,0.001,0.03491996,0.022226289,0.001,0.286154672,0.409391948,0.534390892,0.475193677,0.996633027,0.03012724,0.920285644,0.506303861,0.422355243,0.360215361
0.455011444,0.681401866,0.0049864,0.011998795,0.436279197,0.065799886,0.093953303,0.02979624,1,1,0.720622992,0.932368442,0.009117474,0.442192644,0.076427116,0.702628929,0.453048818,0.114095858,0.382916943
0.242824036,0.814611732,0.001661063,0.003150618,1,0.005615432,0.027240226,0.027239222,1,1,0.910427636,0.989289955,0.66094854,0.234911595,0.343307962,0.998510178,0.009454377,0.5,0.5
0.99095241,0.461934257,0.001202367,0.111055369,0.137443773,0.073049047,0.05646553,0.02214078,1,0.041154631,0.916085589,0.959372687,0.015954097,0.800770483,0.874797407,0.645580226,0.981267601,0.451714392,0.355071537
