0cont_fund,0ins_pout,0ins_price,0infra_npv,0debt_serv,0gross_rev,0cont_contrib,0drought_cost
0,0,0,0,0.000745969,2.27965e+07,-829931,829931
0,0,0,0,0,2.27162e+07,-728803,728803
0,0,0,0,0,2.27219e+07,-725972,725972
0,0,0,0,0,2.27277e+07,-723140,723140
0,0,0,0,0,2.50704e+07,-650581,650581
173036,0,0,0,0,2.43588e+07,173036,0
349237,0,0,0,0,2.43651e+07,176201,0
528604,0,0,0,0,2.43715e+07,179367,0
615044,0,0,0,0,2.11564e+07,86439.5,0
0,0,0,0,0,2.19873e+07,-854056,0
0,0,0,0,0,2.1995e+07,-853826,853826
0,0,0,0,0,2.20027e+07,-853597,853597
0,0,0,0,0,2.20104e+07,-853368,853368
0,0,0,0,0,2.28173e+07,-829301,829301
0,0,0,0,0,2.27173e+07,-705706,705706
0,0,0,0,0,2.27231e+07,-702871,702871
0,0,0,0,0,2.27288e+07,-700034,700034
0,0,0,0,0,2.24228e+07,-706496,706496
0,0,0,0,0,2.25204e+07,-808824,808824
0,0,0,0,0,2.25261e+07,-806029,806029
0,0,0,0,0,2.25317e+07,-803233,803233
0,0,0,0,0,2.36241e+07,-768017,768017
0,0,0,0,0,2.33033e+07,-391720,391720
0,0,0,0,0,2.33093e+07,-388771,388771
0,0,0,0,0,2.33152e+07,-385821,385821
0,0,0,0,0,2.33212e+07,-382871,382871
0,0,0,0,0,2.35835e+07,-372192,372192
0,0,0,0,0,2.34095e+07,-163582,163582
0,0,0,0,0,2.34155e+07,-160550,160550
0,0,0,0,0,2.34215e+07,-157517,157517
0,0,0,0,0,2.39711e+07,-138268,138268
48328.5,0,0,0,0,2.38167e+07,48328.5,0
99766.4,0,0,0,0,2.38228e+07,51437.9,0
154314,0,0,0,0,2.38289e+07,54547.9,0
265866,0,0,0,0,2.56407e+07,111551,0
1.01423e+06,0,0,0,0,2.5093e+07,748367,0
1.76288e+06,0,0,0,0,2.51023e+07,748644,0
2.5118e+06,0,0,0,0,2.51116e+07,748922,0
3.261e+06,0,0,0,0,2.51209e+07,749199,0
3.98014e+06,0,0,0,0,2.41144e+07,719139,0
4.34141e+06,0,0,0,0,2.44368e+07,361277,0
4.70591e+06,0,0,0,0,2.44431e+07,364499,0
5.07363e+06,0,0,0,0,2.44495e+07,367721,0
5.41781e+06,0,0,0,0,2.35599e+07,344178,0
5.39739e+06,0,0,0,0,2.38878e+07,-20420.5,0
5.38005e+06,0,0,0,0,2.38939e+07,-17341.6,0
5.36579e+06,0,0,0,0,2.39e+07,-14261.5,0
5.29259e+06,0,0,0,0,2.18285e+07,-73196.5,0
4.45527e+06,0,0,0,0,2.25052e+07,-837318,0
3.62073e+06,0,0,0,0,2.25108e+07,-834542,0
2.78896e+06,0,0,0,0,2.25164e+07,-831767,0
1.95998e+06,0,0,0,0,2.25221e+07,-828990,0
1.15396e+06,0,0,0,0.000745969,2.32049e+07,-806017,0
573230,0,0,0,0,2.30158e+07,-580729,0
0,0,0,0,0,2.30215e+07,-577949,0
0,0,0,0,0,2.30271e+07,-575168,575168
0,0,0,0,0,2.54151e+07,-501307,501307
338180,0,0,0,0,2.46894e+07,338180,0
679468,0,0,0,0,2.46957e+07,341288,0
1.02386e+06,0,0,0,0,2.47019e+07,344397,0
1.27342e+06,0,0,0,0,2.14244e+07,249553,0
431292,0,0,0,0,2.23874e+07,-842125,0
0,0,0,0,0,2.2395e+07,-841900,0
0,0,0,0,0,2.24025e+07,-841675,841675
0,0,0,0,0,2.24101e+07,-841450,841450
0,0,0,0,0,2.32323e+07,-816927,816927
0,0,0,0,0,2.30142e+07,-558563,558563
0,0,0,0,0,2.30198e+07,-555779,555779
0,0,0,0,0,2.30255e+07,-552995,552995
0,0,0,0,0,2.27133e+07,-559686,559686
0,0,0,0,0,2.28126e+07,-664087,664087
0,0,0,0,0,2.28182e+07,-661342,661342
0,0,0,0,0,2.28237e+07,-658597,658597
0,0,0,0,0,2.39369e+07,-622810,622810
0,0,0,0,0,2.36097e+07,-239408,239408
0,0,0,0,0,2.36156e+07,-236512,236512
0,0,0,0,0,2.36214e+07,-233616,233616
0,0,0,0,0,2.36272e+07,-230719,230719
0,0,0,0,0,2.38943e+07,-219946,219946
0,0,0,0,0,2.37169e+07,-7463.72,7463.72
0,0,0,0,0,2.37227e+07,-4486.95,4486.95
0,0,0,0,0,2.37286e+07,-1509.02,1509.02
17993.6,0,0,0,0,2.42885e+07,17993.6,0
226023,0,0,0,0,2.41309e+07,208029,0
437104,0,0,0,0,2.41369e+07,211082,0
651239,0,0,0,0,2.41429e+07,214135,0
923343,0,0,0,0,2.59888e+07,272104,0
1.68591e+06,0,0,0,0,2.5569e+07,762563,0
2.44874e+06,0,0,0,0,2.55781e+07,762835,0
3.21185e+06,0,0,0,0,2.55872e+07,763107,0
3.97523e+06,0,0,0,0,2.55964e+07,763380,0
4.70797e+06,0,0,0,0,2.45705e+07,732741,0
5.23382e+06,0,0,0,0,2.47606e+07,525854,0
5.76284e+06,0,0,0,0,2.47668e+07,529017,0
6.29502e+06,0,0,0,0,2.4773e+07,532180,0
6.80309e+06,0,0,0,0,2.38665e+07,508073,0
6.93957e+06,0,0,0,0,2.42003e+07,136479,0
7.07908e+06,0,0,0,0,2.42063e+07,139501,0
7.2216e+06,0,0,0,0,2.42123e+07,142525,0
7.30397e+06,0,0,0,0,2.21016e+07,82367.2,0
6.60773e+06,0,0,0,0,2.27908e+07,-696236,0
5.91422e+06,0,0,0,0,2.27964e+07,-693512,0
5.22343e+06,0,0,0,0,2.28019e+07,-690787,0
4.53537e+06,0,0,0,0,2.28074e+07,-688061,0
3.87061e+06,0,0,0,0.000745969,2.35029e+07,-664761,0
3.43525e+06,0,0,0,0,2.331e+07,-435358,0
3.00262e+06,0,0,0,0,2.33155e+07,-432636,0
2.5727e+06,0,0,0,0,2.3321e+07,-429912,0
2.21792e+06,0,0,0,0,2.57534e+07,-354780,0
2.7182e+06,0,0,0,0,2.50139e+07,500277,0
3.22152e+06,0,0,0,0,2.502e+07,503321,0
3.72789e+06,0,0,0,0,2.50261e+07,506366,0
4.13752e+06,0,0,0,0,2.16873e+07,409635,0
3.40479e+06,0,0,0,0,2.26946e+07,-732737,0
2.67467e+06,0,0,0,0,2.26999e+07,-730119,0
1.94717e+06,0,0,0,0,2.27052e+07,-727500,0
1.22229e+06,0,0,0,0,2.27105e+07,-724880,0
524776,0,0,0,0,2.35455e+07,-697512,0
110579,0,0,0,0,2.33055e+07,-414197,0
0,0,0,0,0,2.3311e+07,-411470,190313
0,0,0,0,0,2.33165e+07,-408744,408744
0,0,0,0,0,2.29984e+07,-415668,415668
0,0,0,0,0,2.30993e+07,-522108,522108
0,0,0,0,0,2.31047e+07,-519421,519421
0,0,0,0,0,2.31102e+07,-516732,516732
0,0,0,0,0,2.42436e+07,-480393,480393
0,0,0,0,0,2.39102e+07,-90028,90028
0,0,0,0,0,2.39159e+07,-87192.3,87192.3
0,0,0,0,0,2.39216e+07,-84356.5,84356.5
0,0,0,0,0,2.39273e+07,-81519.4,81519.4
0,0,0,0,0,2.41991e+07,-70661.9,70661.9
145611,0,0,0,0,2.40181e+07,145611,0
294137,0,0,0,0,2.40239e+07,148526,0
445579,0,0,0,0,2.40296e+07,151442,0
616765,0,0,0,0,2.45995e+07,171186,0
981350,0,0,0,0,2.44388e+07,364585,0
1.34892e+06,0,0,0,0,2.44447e+07,367574,0
1.71949e+06,0,0,0,0,2.44506e+07,370564,0
2.14896e+06,0,0,0,0,2.633e+07,429473,0
2.92544e+06,0,0,0,0,2.60355e+07,776476,0
3.70218e+06,0,0,0,0,2.60444e+07,776743,0
4.47919e+06,0,0,0,0,2.60534e+07,777009,0
5.25646e+06,0,0,0,0,2.60623e+07,777276,0
6.00253e+06,0,0,0,0,2.50175e+07,746070,0
6.68965e+06,0,0,0,0,2.50779e+07,687119,0
7.37987e+06,0,0,0,0,2.5084e+07,690216,0
8.07318e+06,0,0,0,0,2.50901e+07,693314,0
8.74183e+06,0,0,0,0,2.41668e+07,668646,0
9.03202e+06,0,0,0,0,2.45065e+07,290191,0
9.32517e+06,0,0,0,0,2.45124e+07,293150,0
9.62128e+06,0,0,0,0,2.45183e+07,296110,0
9.85603e+06,0,0,0,0,2.23691e+07,234747,0
9.29798e+06,0,0,0,0,2.30706e+07,-558049,0
8.74259e+06,0,0,0,0,2.3076e+07,-555382,0
8.18988e+06,0,0,0,0,2.30814e+07,-552714,0
7.63983e+06,0,0,0,0,2.30868e+07,-550045,0
7.1134e+06,0,0,8.0594e+07,0.000745969,2.37946e+07,-526432,0
6.8204e+06,0,0,8.0594e+07,0,2.3598e+07,-293005,0
6.53005e+06,0,0,8.0594e+07,0,2.36034e+07,-290343,0
6.24237e+06,0,0,8.0594e+07,0,2.36088e+07,-287681,0
6.03106e+06,0,0,8.0594e+07,0,2.60846e+07,-211312,0
6.69005e+06,0,0,8.0594e+07,0,2.53316e+07,658986,0
7.35201e+06,0,0,8.0594e+07,0,2.53376e+07,661961,0
8.01695e+06,0,0,8.0594e+07,0,2.53435e+07,664937,0
8.5833e+06,0,0,8.0594e+07,0,2.19448e+07,566351,0
7.98671e+06,0,0,8.0594e+07,0,2.29698e+07,-596588,0
7.39268e+06,0,0,8.0594e+07,0,2.2975e+07,-594028,0
6.80121e+06,0,0,8.0594e+07,0,2.29802e+07,-591469,0
6.2123e+06,0,0,8.0594e+07,0,2.29854e+07,-588909,0
5.65114e+06,0,0,8.0594e+07,0,2.38351e+07,-561159,0
5.37825e+06,0,0,8.0594e+07,0,2.35905e+07,-272899,0
5.10801e+06,0,0,8.0594e+07,0,2.35959e+07,-270234,0
4.84044e+06,0,0,8.0594e+07,0,2.36013e+07,-267569,0
4.56571e+06,0,0,8.0594e+07,0,2.32773e+07,-274727,0
4.18255e+06,0,0,8.0594e+07,0,2.33798e+07,-383170,0
3.802e+06,0,0,8.0594e+07,0,2.33851e+07,-380543,0
3.42409e+06,0,0,8.0594e+07,0,2.33904e+07,-377915,0
3.08305e+06,0,0,8.0594e+07,0,2.45437e+07,-341041,0
3.13918e+06,0,0,8.0594e+07,0,2.42042e+07,56130.4,0
3.19808e+06,0,0,8.0594e+07,0,2.42098e+07,58901.6,0
3.25975e+06,0,0,8.0594e+07,0,2.42153e+07,61673.5,0
3.3242e+06,0,0,8.0594e+07,0,2.42209e+07,64445.9,0
3.39958e+06,0,0,8.0594e+07,0,2.44973e+07,75380.4,0
3.69493e+06,0,0,8.0594e+07,0,2.43129e+07,295355,0
3.99314e+06,0,0,8.0594e+07,0,2.43185e+07,298204,0
4.29419e+06,0,0,8.0594e+07,0,2.43241e+07,301053,0
4.61522e+06,0,0,8.0594e+07,0,2.49038e+07,321027,0
5.13293e+06,0,0,8.0594e+07,0,2.474e+07,517710,0
5.65356e+06,0,0,8.0594e+07,0,2.47457e+07,520631,0
6.17711e+06,0,0,8.0594e+07,0,2.47515e+07,523553,0
6.76049e+06,0,0,8.0594e+07,0,2.66636e+07,583374,0
7.55057e+06,0,0,8.0594e+07,0,2.64917e+07,790082,0
8.34091e+06,0,0,8.0594e+07,0,2.65004e+07,790342,0
9.13151e+06,0,0,8.0594e+07,0,2.65092e+07,790603,0
9.92238e+06,0,0,8.0594e+07,0,2.65179e+07,790863,0
1.06815e+07,0,0,8.0594e+07,0,2.54545e+07,759101,0
1.14408e+07,0,0,8.0594e+07,0,2.54628e+07,759351,0
1.22004e+07,0,0,8.0594e+07,0,2.54712e+07,759601,0
1.29603e+07,0,0,8.0594e+07,0,2.54796e+07,759851,0
1.36921e+07,0,0,8.0594e+07,0,2.45424e+07,731852,0
1.41326e+07,0,0,8.0594e+07,0,2.48057e+07,440454,0
1.45759e+07,0,0,8.0594e+07,0,2.48115e+07,443345,0
1.50222e+07,0,0,8.0594e+07,0,2.48173e+07,446238,0
1.54059e+07,0,0,8.0594e+07,0,2.26306e+07,383691,0
1.49829e+07,0,0,8.0594e+07,0,2.33441e+07,-422984,0
1.45625e+07,0,0,8.0594e+07,0,2.33493e+07,-420378,0
1.41447e+07,0,0,8.0594e+07,0,2.33546e+07,-417771,0
1.37296e+07,0,0,8.0594e+07,0,2.33599e+07,-415163,0
1.33383e+07,0,0,8.0594e+07,0.000745969,2.40797e+07,-391249,0
1.31844e+07,0,0,8.0594e+07,0,2.38795e+07,-153895,0
1.30331e+07,0,0,8.0594e+07,0,2.38848e+07,-151297,0
1.28844e+07,0,0,8.0594e+07,0,2.389e+07,-148700,0
1.28133e+07,0,0,8.0594e+07,0,2.64083e+07,-71124.6,0
1.35792e+07,0,0,8.0594e+07,0,2.56842e+07,765877,0
1.43453e+07,0,0,8.0594e+07,0,2.56923e+07,766120,0
1.51117e+07,0,0,8.0594e+07,0,2.57005e+07,766363,0
1.5775e+07,0,0,8.0594e+07,0,2.22454e+07,663299,0
1.53114e+07,0,0,8.0594e+07,0,2.32387e+07,-463575,0
1.48503e+07,0,0,8.0594e+07,0,2.32438e+07,-461078,0
1.43917e+07,0,0,8.0594e+07,0,2.32488e+07,-458581,0
1.39356e+07,0,0,8.0594e+07,0,2.32539e+07,-456083,0
1.35077e+07,0,0,8.0594e+07,0,2.41179e+07,-427964,0
1.33728e+07,0,0,8.0594e+07,0,2.3869e+07,-134879,0
1.32405e+07,0,0,8.0594e+07,0,2.38742e+07,-132280,0
1.31108e+07,0,0,8.0594e+07,0,2.38795e+07,-129679,0
1.29738e+07,0,0,8.0594e+07,0,2.35497e+07,-137070,0
1.27263e+07,0,0,8.0594e+07,0,2.36537e+07,-247472,0
1.24814e+07,0,0,8.0594e+07,0,2.36589e+07,-244909,0
1.2239e+07,0,0,8.0594e+07,0,2.36641e+07,-242345,0
1.20341e+07,0,0,8.0594e+07,0,2.48368e+07,-204953,0
1.2233e+07,0,0,8.0594e+07,0,2.44912e+07,198861,0
1.24345e+07,0,0,8.0594e+07,0,2.44967e+07,201564,0
1.26388e+07,0,0,8.0594e+07,0,2.45021e+07,204268,0
1.28458e+07,0,0,8.0594e+07,0,2.45076e+07,206973,0
1.30637e+07,0,0,8.0594e+07,0,2.47884e+07,217978,0
1.35053e+07,0,0,8.0594e+07,0,2.46006e+07,441563,0
1.39496e+07,0,0,8.0594e+07,0,2.46061e+07,444341,0
1.43968e+07,0,0,8.0594e+07,0,2.46116e+07,447121,0
1.48641e+07,0,0,8.0594e+07,0,2.52008e+07,467313,0
1.55313e+07,0,0,8.0594e+07,0,2.5034e+07,667198,0
1.62013e+07,0,0,8.0594e+07,0,2.50396e+07,670048,0
1.68742e+07,0,0,8.0594e+07,0,2.50452e+07,672898,0
1.76078e+07,0,0,8.0594e+07,0,2.69893e+07,733604,0
1.84112e+07,0,0,8.0594e+07,0,2.6937e+07,803362,0
1.92148e+07,0,0,8.0594e+07,0,2.69455e+07,803616,0
2.00187e+07,0,0,8.0594e+07,0,2.6954e+07,803870,0
2.08228e+07,0,0,8.0594e+07,0,2.69625e+07,804124,0
2.15946e+07,0,0,8.0594e+07,0,2.58809e+07,771819,0
2.23667e+07,0,0,8.0594e+07,0,2.58891e+07,772063,0
2.3139e+07,0,0,8.0594e+07,0,2.58973e+07,772307,0
2.39115e+07,0,0,8.0594e+07,0,2.59055e+07,772551,0
2.46556e+07,0,0,8.0594e+07,0,2.49523e+07,744074,0
2.52427e+07,0,0,8.0594e+07,0,2.50978e+07,587085,0
2.58326e+07,0,0,8.0594e+07,0,2.51034e+07,589905,0
2.64253e+07,0,0,8.0594e+07,0,2.5109e+07,592726,0
2.69543e+07,0,0,8.0594e+07,0,2.28857e+07,529018,0
2.66631e+07,0,0,8.0594e+07,0,2.36108e+07,-291202,0
2.63745e+07,0,0,8.0594e+07,0,2.3616e+07,-288660,0
2.60884e+07,0,0,8.0594e+07,0,2.36211e+07,-286117,0
2.58048e+07,0,0,8.0594e+07,0,2.36263e+07,-283574,0
2.55454e+07,0,0,8.0594e+07,0,2.43578e+07,-259371,0
2.55272e+07,0,0,8.0594e+07,0.000745969,2.41541e+07,-18187.7,0
2.55116e+07,0,0,8.0594e+07,0,2.41592e+07,-15656.8,0
2.54984e+07,0,0,8.0594e+07,0,2.41643e+07,-13125.9,0
2.55641e+07,0,0,8.0594e+07,0,2.6724e+07,65621.7,0
2.63426e+07,0,0,8.0594e+07,0,2.61083e+07,778522,0
2.71214e+07,0,0,8.0594e+07,0,2.61162e+07,778759,0
2.79003e+07,0,0,8.0594e+07,0,2.61241e+07,778996,0
2.85746e+07,0,0,8.0594e+07,0,2.26118e+07,674224,0
2.82407e+07,0,0,8.0594e+07,0,2.3501e+07,-333844,0
2.79093e+07,0,0,8.0594e+07,0,2.35059e+07,-331411,0
2.75803e+07,0,0,8.0594e+07,0,2.35108e+07,-328978,0
2.72538e+07,0,0,8.0594e+07,0,2.35158e+07,-326544,0
2.69557e+07,0,0,8.0594e+07,0,2.43937e+07,-298069,0
2.69554e+07,0,0,8.0594e+07,0,2.41405e+07,-281.95,0
2.69577e+07,0,0,8.0594e+07,0,2.41456e+07,2251.06,0
2.69625e+07,0,0,8.0594e+07,0,2.41507e+07,4784.65,0
2.69596e+07,0,0,8.0594e+07,0,2.38153e+07,-2836.59,0
2.68445e+07,0,0,8.0594e+07,0,2.39209e+07,-115153,0
2.67318e+07,0,0,8.0594e+07,0,2.39259e+07,-112656,0
2.66217e+07,0,0,8.0594e+07,0,2.3931e+07,-110158,0
2.65494e+07,0,0,8.0594e+07,0,2.51225e+07,-72264.4,0
2.68874e+07,0,0,8.0594e+07,0,2.47711e+07,338022,0
2.72281e+07,0,0,8.0594e+07,0,2.47764e+07,340656,0
2.75714e+07,0,0,8.0594e+07,0,2.47817e+07,343290,0
2.79173e+07,0,0,8.0594e+07,0,2.4787e+07,345925,0
2.82743e+07,0,0,8.0594e+07,0,2.50721e+07,356995,0
2.88584e+07,0,0,8.0594e+07,0,2.48811e+07,584095,0
2.94452e+07,0,0,8.0594e+07,0,2.48864e+07,586802,0
3.00347e+07,0,0,8.0594e+07,0,2.48918e+07,589510,0
3.06446e+07,0,0,8.0594e+07,0,2.54904e+07,609912,0
3.14012e+07,0,0,8.0594e+07,0,2.53699e+07,756580,0
3.2158e+07,0,0,8.0594e+07,0,2.53776e+07,756810,0
3.2915e+07,0,0,8.0594e+07,0,2.53853e+07,757039,0
3.37311e+07,0,0,8.0594e+07,0,2.73627e+07,816058,0
3.45474e+07,0,0,8.0594e+07,0,2.7371e+07,816305,0
3.5364e+07,0,0,8.0594e+07,0,2.73793e+07,816553,0
3.61808e+07,0,0,8.0594e+07,0,2.73876e+07,816800,0
3.69978e+07,0,0,8.0594e+07,0,2.73959e+07,817048,0
3.7782e+07,0,0,8.0594e+07,0,2.62965e+07,784213,0
3.85665e+07,0,0,8.0594e+07,0,2.63045e+07,784451,0
3.93512e+07,0,0,8.0594e+07,0,2.63125e+07,784689,0
4.01361e+07,0,0,8.0594e+07,0,2.63204e+07,784926,0
4.08921e+07,0,0,8.0594e+07,0,2.53517e+07,755983,0
4.1622e+07,0,0,8.0594e+07,0,2.53823e+07,729964,0
4.23547e+07,0,0,8.0594e+07,0,2.53878e+07,732711,0
4.30902e+07,0,0,8.0594e+07,0,2.53933e+07,735459,0
4.37608e+07,0,0,8.0594e+07,0,2.31343e+07,670617,0
4.3598e+07,0,0,8.0594e+07,0,2.38708e+07,-162805,0
4.34377e+07,0,0,8.0594e+07,0,2.38758e+07,-160329,0
4.32798e+07,0,0,8.0594e+07,0,2.38808e+07,-157853,0
4.31245e+07,0,0,8.0594e+07,0,2.38858e+07,-155376,0
4.29714e+07,0,0,8.0594e+07,0,2.38838e+07,-153107,0
4.28405e+07,0,0,8.0594e+07,0.000745969,2.46287e+07,-130894,0
4.29545e+07,0,0,8.0594e+07,0,2.44215e+07,114015,0
4.3071e+07,0,0,8.0594e+07,0,2.44265e+07,116476,0
4.31899e+07,0,0,8.0594e+07,0,2.44315e+07,118938,0
4.33887e+07,0,0,8.0594e+07,0,2.70315e+07,198823,0
4.41796e+07,0,0,8.0594e+07,0,2.65213e+07,790839,0
4.49706e+07,0,0,8.0594e+07,0,2.6529e+07,791069,0
4.57619e+07,0,0,8.0594e+07,0,2.65367e+07,791299,0
4.64468e+07,0,0,8.0594e+07,0,2.29686e+07,684864,0
4.62393e+07,0,0,8.0594e+07,0,2.37564e+07,-207496,0
4.60342e+07,0,0,8.0594e+07,0,2.37612e+07,-205130,0
4.58314e+07,0,0,8.0594e+07,0,2.3766e+07,-202763,0
4.5631e+07,0,0,8.0594e+07,0,2.37708e+07,-200396,0
4.54594e+07,0,0,8.0594e+07,0,2.46623e+07,-171579,0
4.55902e+07,0,0,8.0594e+07,0,2.44048e+07,130783,0
4.57235e+07,0,0,8.0594e+07,0,2.44098e+07,133247,0
4.58592e+07,0,0,8.0594e+07,0,2.44148e+07,135711,0
4.5987e+07,0,0,8.0594e+07,0,2.4074e+07,127861,0
4.60007e+07,0,0,8.0594e+07,0,2.41809e+07,13676.6,0
4.60168e+07,0,0,8.0594e+07,0,2.41858e+07,16105.3,0
4.60353e+07,0,0,8.0594e+07,0,2.41907e+07,18534.5,0
4.60923e+07,0,0,8.0594e+07,0,2.54007e+07,56912.2,0
4.65657e+07,0,0,8.0594e+07,0,2.50436e+07,473496,0
4.70418e+07,0,0,8.0594e+07,0,2.50487e+07,476057,0
4.75204e+07,0,0,8.0594e+07,0,2.50539e+07,478620,0
4.80016e+07,0,0,8.0594e+07,0,2.5059e+07,481182,0
4.84939e+07,0,0,8.0594e+07,0,2.53484e+07,492310,0
4.92167e+07,0,0,8.0594e+07,0,2.51541e+07,722827,0
4.99422e+07,0,0,8.0594e+07,0,2.51593e+07,725460,0
5.06703e+07,0,0,8.0594e+07,0,2.51645e+07,728093,0
5.1419e+07,0,0,8.0594e+07,0,2.57721e+07,748695,0
5.21873e+07,0,0,8.0594e+07,0,2.57626e+07,768293,0
5.29558e+07,0,0,8.0594e+07,0,2.57701e+07,768516,0
5.37245e+07,0,0,8.0594e+07,0,2.57776e+07,768739,0
5.45532e+07,0,0,8.0594e+07,0,2.77852e+07,828659,0
5.53821e+07,0,0,8.0594e+07,0,2.77933e+07,828900,0
5.62112e+07,0,0,8.0594e+07,0,2.78013e+07,829140,0
5.70406e+07,0,0,8.0594e+07,0,2.78094e+07,829381,0
5.78702e+07,0,0,8.0594e+07,0,2.78175e+07,829622,0
5.86665e+07,0,0,8.0594e+07,0,2.67009e+07,796272,0
5.9463e+07,0,0,8.0594e+07,0,2.67086e+07,796503,0
6.02598e+07,0,0,8.0594e+07,0,2.67164e+07,796734,0
6.10567e+07,0,0,8.0594e+07,0,2.67241e+07,796965,0
6.18243e+07,0,0,8.0594e+07,0,2.57402e+07,767568,0
6.25921e+07,0,0,8.0594e+07,0,2.57476e+07,767791,0
6.33601e+07,0,0,8.0594e+07,0,2.57551e+07,768014,0
6.41283e+07,0,0,8.0594e+07,0,2.57626e+07,768236,0
6.48282e+07,0,0,8.0594e+07,0,2.3471e+07,699836,0
6.47902e+07,0,0,8.0594e+07,0,2.41236e+07,-37920.6,0
6.47547e+07,0,0,8.0594e+07,0,2.41284e+07,-35513.1,0
6.47216e+07,0,0,8.0594e+07,0,2.41333e+07,-33104.9,0
6.46909e+07,0,0,8.0594e+07,0,2.41382e+07,-30696.2,0
6.39428e+07,0,0,8.0594e+07,8.05745e+06,2.55416e+07,-748080,0
6.3195e+07,0,0,8.0594e+07,0,2.55483e+07,-747879,0
6.24473e+07,0,0,8.0594e+07,0,2.55551e+07,-747678,0
6.16998e+07,0,0,8.0594e+07,0,2.55619e+07,-747476,0
6.10311e+07,0,0,8.0594e+07,0,2.82029e+07,-668679,0
6.03627e+07,0,0,8.0594e+07,0,2.82104e+07,-668455,0
5.96944e+07,0,0,8.0594e+07,0,2.82179e+07,-668232,0
5.90264e+07,0,0,8.0594e+07,0,2.82254e+07,-668008,0
5.82504e+07,0,0,8.0594e+07,0,2.4603e+07,-776062,0
5.74745e+07,0,0,8.0594e+07,0,2.46095e+07,-775868,0
5.66988e+07,0,0,8.0594e+07,0,2.4616e+07,-775675,0
5.59234e+07,0,0,8.0594e+07,0,2.46225e+07,-775481,0
5.51481e+07,0,0,8.0594e+07,0,2.4629e+07,-775288,0
5.43998e+07,0,0,8.0594e+07,0,2.55356e+07,-748247,0
5.36518e+07,0,0,8.0594e+07,0,2.55423e+07,-748046,0
5.29039e+07,0,0,8.0594e+07,0,2.55491e+07,-747845,0
5.21563e+07,0,0,8.0594e+07,0,2.55558e+07,-747644,0
5.13984e+07,0,0,8.0594e+07,0,2.52116e+07,-757911,0
5.06407e+07,0,0,8.0594e+07,0,2.52182e+07,-757713,0
4.98831e+07,0,0,8.0594e+07,0,2.52249e+07,-757515,0
4.91258e+07,0,0,8.0594e+07,0,2.52315e+07,-757316,0
4.84052e+07,0,0,8.0594e+07,0,2.64613e+07,-720633,0
4.76848e+07,0,0,8.0594e+07,0,2.64683e+07,-720425,0
4.69646e+07,0,0,8.0594e+07,0,2.64753e+07,-720216,0
4.62445e+07,0,0,8.0594e+07,0,2.64823e+07,-720007,0
4.55247e+07,0,0,8.0594e+07,0,2.64893e+07,-719799,0
4.48138e+07,0,0,8.0594e+07,0,2.67846e+07,-710897,0
4.41032e+07,0,0,8.0594e+07,0,2.67917e+07,-710686,0
4.33927e+07,0,0,8.0594e+07,0,2.67988e+07,-710474,0
4.26824e+07,0,0,8.0594e+07,0,2.68059e+07,-710263,0
4.19906e+07,0,0,8.0594e+07,0,2.74243e+07,-691817,0
4.1299e+07,0,0,8.0594e+07,0,2.74316e+07,-691601,0
4.06076e+07,0,0,8.0594e+07,0,2.74389e+07,-691384,0
3.99165e+07,0,0,8.0594e+07,0,2.74461e+07,-691168,0
4.07574e+07,0,0,8.0594e+07,0,2.81956e+07,840897,0
4.15985e+07,0,0,8.0594e+07,0,2.82034e+07,841131,0
4.24398e+07,0,0,8.0594e+07,0,2.82112e+07,841364,0
4.32814e+07,0,0,8.0594e+07,0,2.8219e+07,841598,0
4.41233e+07,0,0,8.0594e+07,0,2.82269e+07,841831,0
4.346e+07,0,0,8.0594e+07,0,2.8381e+07,-663290,0
4.27969e+07,0,0,8.0594e+07,0,2.83885e+07,-663066,0
4.21341e+07,0,0,8.0594e+07,0,2.8396e+07,-662841,0
4.14715e+07,0,0,8.0594e+07,0,2.84035e+07,-662617,0
4.0779e+07,0,0,8.0594e+07,0,2.74048e+07,-692455,0
4.00868e+07,0,0,8.0594e+07,0,2.74121e+07,-692239,0
3.93947e+07,0,0,8.0594e+07,0,2.74193e+07,-692023,0
3.87029e+07,0,0,8.0594e+07,0,2.74266e+07,-691807,0
3.79417e+07,0,0,8.0594e+07,0,2.51012e+07,-761215,0
3.71807e+07,0,0,8.0594e+07,0,2.51078e+07,-761018,0
3.64199e+07,0,0,8.0594e+07,0,2.51144e+07,-760821,0
3.56593e+07,0,0,8.0594e+07,0,2.5121e+07,-760624,0
3.48988e+07,0,0,8.0594e+07,0,2.51276e+07,-760427,0
3.41613e+07,0,0,8.0594e+07,8.05745e+06,2.58942e+07,-737567,0
3.34239e+07,0,0,8.0594e+07,0,2.59007e+07,-737372,0
3.26867e+07,0,0,8.0594e+07,0,2.59073e+07,-737177,0
3.19497e+07,0,0,8.0594e+07,0,2.59138e+07,-736982,0
3.12927e+07,0,0,8.0594e+07,0,2.85928e+07,-657052,0
3.06358e+07,0,0,8.0594e+07,0,2.86001e+07,-656835,0
2.99792e+07,0,0,8.0594e+07,0,2.86073e+07,-656619,0
2.93228e+07,0,0,8.0594e+07,0,2.86146e+07,-656402,0
2.85568e+07,0,0,8.0594e+07,0,2.49396e+07,-766026,0
2.7791e+07,0,0,8.0594e+07,0,2.49459e+07,-765838,0
2.70253e+07,0,0,8.0594e+07,0,2.49522e+07,-765651,0
2.62598e+07,0,0,8.0594e+07,0,2.49585e+07,-765463,0
2.54946e+07,0,0,8.0594e+07,0,2.49648e+07,-765276,0
2.47567e+07,0,0,8.0594e+07,0,2.58841e+07,-737855,0
2.40191e+07,0,0,8.0594e+07,0,2.58906e+07,-737661,0
2.32816e+07,0,0,8.0594e+07,0,2.58972e+07,-737466,0
2.25443e+07,0,0,8.0594e+07,0,2.59037e+07,-737271,0
2.17966e+07,0,0,8.0594e+07,0,2.55542e+07,-747694,0
2.10491e+07,0,0,8.0594e+07,0,2.55607e+07,-747502,0
2.03018e+07,0,0,8.0594e+07,0,2.55671e+07,-747310,0
1.95547e+07,0,0,8.0594e+07,0,2.55736e+07,-747118,0
1.88448e+07,0,0,8.0594e+07,0,2.68205e+07,-709920,0
1.81351e+07,0,0,8.0594e+07,0,2.68273e+07,-709718,0
1.74255e+07,0,0,8.0594e+07,0,2.68341e+07,-709516,0
1.67162e+07,0,0,8.0594e+07,0,2.68409e+07,-709314,0
1.60071e+07,0,0,8.0594e+07,0,2.68477e+07,-709111,0
1.5307e+07,0,0,8.0594e+07,0,2.71469e+07,-700093,0
1.46071e+07,0,0,8.0594e+07,0,2.71538e+07,-699888,0
1.39075e+07,0,0,8.0594e+07,0,2.71607e+07,-699683,0
1.3208e+07,0,0,8.0594e+07,0,2.71675e+07,-699479,0
1.25272e+07,0,0,8.0594e+07,0,2.77944e+07,-680781,0
1.18466e+07,0,0,8.0594e+07,0,2.78014e+07,-680572,0
1.11663e+07,0,0,8.0594e+07,0,2.78085e+07,-680362,0
1.04861e+07,0,0,8.0594e+07,0,2.78155e+07,-680152,0
9.8676e+06,0,0,8.0594e+07,0,2.98808e+07,-618509,0
9.24932e+06,0,0,8.0594e+07,0,2.98884e+07,-618283,0
8.63126e+06,0,0,8.0594e+07,0,2.9896e+07,-618056,0
8.01343e+06,0,0,8.0594e+07,0,2.99036e+07,-617830,0
7.39583e+06,0,0,8.0594e+07,0,2.99112e+07,-617604,0
6.74389e+06,0,0,8.0594e+07,0,2.87615e+07,-651941,0
6.09216e+06,0,0,8.0594e+07,0,2.87688e+07,-651724,0
5.44065e+06,0,0,8.0594e+07,0,2.87761e+07,-651507,0
4.78937e+06,0,0,8.0594e+07,0,2.87834e+07,-651289,0
4.10781e+06,0,0,8.0594e+07,0,2.77703e+07,-681555,0
3.42647e+06,0,0,8.0594e+07,0,2.77774e+07,-681346,0
2.74533e+06,0,0,8.0594e+07,0,2.77844e+07,-681136,0
2.0644e+06,0,0,8.0594e+07,0,2.77914e+07,-680927,0
1.31309e+06,0,0,8.0594e+07,0,2.54332e+07,-751313,0
561966,0,0,8.0594e+07,0,2.54396e+07,-751122,0
0,0,0,8.0594e+07,0,2.5446e+07,-750932,0
0,0,0,8.0594e+07,0,2.54524e+07,-750741,750741
0,0,0,8.0594e+07,0,2.54588e+07,-750550,750550
0,0,0,8.0594e+07,8.05745e+06,2.62358e+07,-727381,727381
0,0,0,8.0594e+07,0,2.62421e+07,-727192,727192
0,0,0,8.0594e+07,0,2.62485e+07,-727004,727004
0,0,0,8.0594e+07,0,2.62548e+07,-726815,726815
0,0,0,8.0594e+07,0,2.89706e+07,-645788,645788
0,0,0,8.0594e+07,0,2.89776e+07,-645579,645579
0,0,0,8.0594e+07,0,2.89846e+07,-645369,645369
0,0,0,8.0594e+07,0,2.89916e+07,-645160,645160
0,0,0,8.0594e+07,0,2.52657e+07,-756304,756304
0,0,0,8.0594e+07,0,2.52717e+07,-756123,756123
0,0,0,8.0594e+07,0,2.52778e+07,-755941,755941
0,0,0,8.0594e+07,0,2.52839e+07,-755760,755760
0,0,0,8.0594e+07,0,2.529e+07,-755579,755579
0,0,0,8.0594e+07,0,2.62217e+07,-727790,727790
0,0,0,8.0594e+07,0,2.6228e+07,-727602,727602
0,0,0,8.0594e+07,0,2.62343e+07,-727413,727413
0,0,0,8.0594e+07,0,2.62406e+07,-727225,727225
0,0,0,8.0594e+07,0,2.58861e+07,-737800,737800
0,0,0,8.0594e+07,0,2.58923e+07,-737614,737614
0,0,0,8.0594e+07,0,2.58985e+07,-737428,737428
0,0,0,8.0594e+07,0,2.59048e+07,-737242,737242
0,0,0,8.0594e+07,0,2.71684e+07,-699546,699546
0,0,0,8.0594e+07,0,2.7175e+07,-699351,699351
0,0,0,8.0594e+07,0,2.71816e+07,-699155,699155
0,0,0,8.0594e+07,0,2.71881e+07,-698960,698960
0,0,0,8.0594e+07,0,2.71947e+07,-698764,698764
0,0,0,8.0594e+07,0,2.74977e+07,-689632,689632
0,0,0,8.0594e+07,0,2.75043e+07,-689434,689434
0,0,0,8.0594e+07,0,2.7511e+07,-689236,689236
0,0,0,8.0594e+07,0,2.75176e+07,-689038,689038
0,0,0,8.0594e+07,0,2.81526e+07,-670098,670098
0,0,0,8.0594e+07,0,2.81594e+07,-669895,669895
0,0,0,8.0594e+07,0,2.81663e+07,-669692,669692
0,0,0,8.0594e+07,0,2.81731e+07,-669489,669489
0,0,0,8.0594e+07,0,3.02659e+07,-607025,607025
0,0,0,8.0594e+07,0,3.02732e+07,-606807,606807
0,0,0,8.0594e+07,0,3.02806e+07,-606588,606588
0,0,0,8.0594e+07,0,3.02879e+07,-606369,606369
0,0,0,8.0594e+07,0,3.02952e+07,-606150,606150
0,0,0,8.0594e+07,0,2.91298e+07,-640958,640958
0,0,0,8.0594e+07,0,2.91369e+07,-640748,640748
0,0,0,8.0594e+07,0,2.91439e+07,-640538,640538
0,0,0,8.0594e+07,0,2.9151e+07,-640327,640327
0,0,0,8.0594e+07,0,2.81241e+07,-671007,671007
0,0,0,8.0594e+07,0,2.81308e+07,-670805,670805
0,0,0,8.0594e+07,0,2.81376e+07,-670602,670602
0,0,0,8.0594e+07,0,2.81444e+07,-670400,670400
0,0,0,8.0594e+07,0,2.57546e+07,-741732,741732
0,0,0,8.0594e+07,0,2.57608e+07,-741548,741548
0,0,0,8.0594e+07,0,2.57669e+07,-741363,741363
0,0,0,8.0594e+07,0,2.57731e+07,-741179,741179
0,0,0,8.0594e+07,0,2.57793e+07,-740994,740994
0,0,0,8.0594e+07,8.05745e+06,2.65663e+07,-717527,717527
0,0,0,8.0594e+07,0,2.65724e+07,-717344,717344
0,0,0,8.0594e+07,0,2.65786e+07,-717161,717161
0,0,0,8.0594e+07,0,2.65847e+07,-716978,716978
0,0,0,8.0594e+07,0,2.9336e+07,-634890,634890
0,0,0,8.0594e+07,0,2.93428e+07,-634687,634687
0,0,0,8.0594e+07,0,2.93496e+07,-634485,634485
0,0,0,8.0594e+07,0,2.93564e+07,-634282,634282
0,0,0,8.0594e+07,0,2.55811e+07,-746898,746898
0,0,0,8.0594e+07,0,2.5587e+07,-746722,746722
0,0,0,8.0594e+07,0,2.55929e+07,-746547,746547
0,0,0,8.0594e+07,0,2.55988e+07,-746371,746371
0,0,0,8.0594e+07,0,2.56047e+07,-746196,746196
0,0,0,8.0594e+07,0,2.65483e+07,-718052,718052
0,0,0,8.0594e+07,0,2.65544e+07,-717869,717869
0,0,0,8.0594e+07,0,2.65605e+07,-717687,717687
0,0,0,8.0594e+07,0,2.65666e+07,-717504,717504
0,0,0,8.0594e+07,0,2.62072e+07,-728226,728226
0,0,0,8.0594e+07,0,2.62132e+07,-728046,728046
0,0,0,8.0594e+07,0,2.62192e+07,-727866,727866
0,0,0,8.0594e+07,0,2.62253e+07,-727686,727686
0,0,0,8.0594e+07,0,2.75051e+07,-689508,689508
0,0,0,8.0594e+07,0,2.75114e+07,-689319,689319
0,0,0,8.0594e+07,0,2.75178e+07,-689129,689129
0,0,0,8.0594e+07,0,2.75241e+07,-688940,688940
0,0,0,8.0594e+07,0,2.75305e+07,-688750,688750
0,0,0,8.0594e+07,0,2.78371e+07,-679509,679509
0,0,0,8.0594e+07,0,2.78436e+07,-679318,679318
0,0,0,8.0594e+07,0,2.785e+07,-679126,679126
0,0,0,8.0594e+07,0,2.78564e+07,-678934,678934
0,0,0,8.0594e+07,0,2.84994e+07,-659758,659758
0,0,0,8.0594e+07,0,2.85059e+07,-659562,659562
0,0,0,8.0594e+07,0,2.85125e+07,-659365,659365
0,0,0,8.0594e+07,0,2.85191e+07,-659169,659169
0,0,0,8.0594e+07,0,3.06385e+07,-595911,595911
0,0,0,8.0594e+07,0,3.06456e+07,-595699,595699
0,0,0,8.0594e+07,0,3.06528e+07,-595487,595487
0,0,0,8.0594e+07,0,3.06599e+07,-595276,595276
0,0,0,8.0594e+07,0,3.0667e+07,-595064,595064
0,0,0,8.0594e+07,0,2.94863e+07,-630327,630327
0,0,0,8.0594e+07,0,2.94931e+07,-630124,630124
0,0,0,8.0594e+07,0,2.94999e+07,-629920,629920
0,0,0,8.0594e+07,0,2.95068e+07,-629717,629717
0,0,0,8.0594e+07,0,2.84664e+07,-660797,660797
0,0,0,8.0594e+07,0,2.8473e+07,-660601,660601
0,0,0,8.0594e+07,0,2.84796e+07,-660405,660405
0,0,0,8.0594e+07,0,2.84862e+07,-660209,660209
0,0,0,8.0594e+07,0,2.60656e+07,-732458,732458
0,0,0,8.0594e+07,0,2.60716e+07,-732279,732279
0,0,0,8.0594e+07,0,2.60776e+07,-732101,732101
0,0,0,8.0594e+07,0,2.60836e+07,-731922,731922
0,0,0,8.0594e+07,0,2.60896e+07,-731743,731743
0,0,0,8.0594e+07,0,2.68862e+07,-707987,707987
0,0,0,8.0594e+07,8.05745e+06,2.68922e+07,-707810,707810
0,0,0,8.0594e+07,0,2.68981e+07,-707633,707633
0,0,0,8.0594e+07,0,2.69041e+07,-707456,707456
0,0,0,8.0594e+07,0,2.96898e+07,-624340,624340
0,0,0,8.0594e+07,0,2.96964e+07,-624144,624144
0,0,0,8.0594e+07,0,2.9703e+07,-623947,623947
0,0,0,8.0594e+07,0,2.97096e+07,-623751,623751
0,0,0,8.0594e+07,0,2.58865e+07,-737792,737792
0,0,0,8.0594e+07,0,2.58922e+07,-737622,737622
0,0,0,8.0594e+07,0,2.58979e+07,-737452,737452
0,0,0,8.0594e+07,0,2.59036e+07,-737282,737282
0,0,0,8.0594e+07,0,2.59093e+07,-737112,737112
0,0,0,8.0594e+07,0,2.68645e+07,-708623,708623
0,0,0,8.0594e+07,0,2.68704e+07,-708446,708446
0,0,0,8.0594e+07,0,2.68763e+07,-708270,708270
0,0,0,8.0594e+07,0,2.68823e+07,-708093,708093
0,0,0,8.0594e+07,0,2.6518e+07,-718956,718956
0,0,0,8.0594e+07,0,2.65239e+07,-718782,718782
0,0,0,8.0594e+07,0,2.65297e+07,-718607,718607
0,0,0,8.0594e+07,0,2.65356e+07,-718433,718433
0,0,0,8.0594e+07,0,2.7831e+07,-679789,679789
0,0,0,8.0594e+07,0,2.78372e+07,-679605,679605
0,0,0,8.0594e+07,0,2.78433e+07,-679422,679422
0,0,0,8.0594e+07,0,2.78495e+07,-679239,679239
0,0,0,8.0594e+07,0,2.78556e+07,-679055,679055
0,0,0,8.0594e+07,0,2.81658e+07,-669708,669708
0,0,0,8.0594e+07,0,2.8172e+07,-669523,669523
0,0,0,8.0594e+07,0,2.81783e+07,-669337,669337
0,0,0,8.0594e+07,0,2.81845e+07,-669151,669151
0,0,0,8.0594e+07,0,2.88351e+07,-649747,649747
0,0,0,8.0594e+07,0,2.88414e+07,-649557,649557
0,0,0,8.0594e+07,0,2.88478e+07,-649367,649367
0,0,0,8.0594e+07,0,2.88542e+07,-649176,649176
0,0,0,8.0594e+07,0,3.09994e+07,-585149,585149
0,0,0,8.0594e+07,0,3.10063e+07,-584944,584944
0,0,0,8.0594e+07,0,3.10131e+07,-584739,584739
0,0,0,8.0594e+07,0,3.102e+07,-584534,584534
0,0,0,8.0594e+07,0,3.10269e+07,-584329,584329
0,0,0,8.0594e+07,0,2.98315e+07,-620033,620033
0,0,0,8.0594e+07,0,2.98381e+07,-619836,619836
0,0,0,8.0594e+07,0,2.98447e+07,-619639,619639
0,0,0,8.0594e+07,0,2.98513e+07,-619442,619442
0,0,0,8.0594e+07,0,2.8798e+07,-650911,650911
0,0,0,8.0594e+07,0,2.88043e+07,-650721,650721
0,0,0,8.0594e+07,0,2.88107e+07,-650532,650532
0,0,0,8.0594e+07,0,2.88171e+07,-650342,650342
0,0,0,8.0594e+07,0,2.63668e+07,-723477,723477
0,0,0,8.0594e+07,0,2.63726e+07,-723304,723304
0,0,0,8.0594e+07,0,2.63784e+07,-723131,723131
0,0,0,8.0594e+07,0,2.63842e+07,-722958,722958
0,0,0,8.0594e+07,0,2.639e+07,-722785,722785
0,0,0,8.0594e+07,0,2.639e+07,-722785,722785
0,0,0,8.0594e+07,8.05745e+06,2.71961e+07,-698749,698749
0,0,0,8.0594e+07,0,2.72018e+07,-698578,698578
0,0,0,8.0594e+07,0,2.72075e+07,-698407,698407
0,0,0,8.0594e+07,0,2.72133e+07,-698235,698235
0,0,0,8.0594e+07,0,3.00324e+07,-614126,614126
0,0,0,8.0594e+07,0,3.00387e+07,-613936,613936
0,0,0,8.0594e+07,0,3.00451e+07,-613746,613746
0,0,0,8.0594e+07,0,3.00515e+07,-613556,613556
0,0,0,8.0594e+07,0,2.61822e+07,-728976,728976
0,0,0,8.0594e+07,0,2.61877e+07,-728812,728812
0,0,0,8.0594e+07,0,2.61932e+07,-728648,728648
0,0,0,8.0594e+07,0,2.61987e+07,-728483,728483
0,0,0,8.0594e+07,0,2.62042e+07,-728319,728319
0,0,0,8.0594e+07,0,2.71705e+07,-699497,699497
0,0,0,8.0594e+07,0,2.71763e+07,-699326,699326
0,0,0,8.0594e+07,0,2.7182e+07,-699155,699155
0,0,0,8.0594e+07,0,2.71877e+07,-698984,698984
0,0,0,8.0594e+07,0,2.68189e+07,-709985,709985
0,0,0,8.0594e+07,0,2.68245e+07,-709817,709817
0,0,0,8.0594e+07,0,2.68302e+07,-709648,709648
0,0,0,8.0594e+07,0,2.68359e+07,-709480,709480
0,0,0,8.0594e+07,0,2.81464e+07,-670384,670384
0,0,0,8.0594e+07,0,2.81524e+07,-670207,670207
0,0,0,8.0594e+07,0,2.81583e+07,-670029,670029
0,0,0,8.0594e+07,0,2.81643e+07,-669852,669852
0,0,0,8.0594e+07,0,2.81702e+07,-669675,669675
0,0,0,8.0594e+07,0,2.84838e+07,-660225,660225
0,0,0,8.0594e+07,0,2.84898e+07,-660046,660046
0,0,0,8.0594e+07,0,2.84958e+07,-659867,659867
0,0,0,8.0594e+07,0,2.85018e+07,-659687,659687
0,0,0,8.0594e+07,0,2.91598e+07,-640063,640063
0,0,0,8.0594e+07,0,2.9166e+07,-639879,639879
0,0,0,8.0594e+07,0,2.91721e+07,-639695,639695
0,0,0,8.0594e+07,0,2.91783e+07,-639511,639511
0,0,0,8.0594e+07,0,3.13484e+07,-574741,574741
0,0,0,8.0594e+07,0,3.1355e+07,-574542,574542
0,0,0,8.0594e+07,0,3.13617e+07,-574344,574344
0,0,0,8.0594e+07,0,3.13683e+07,-574146,574146
0,0,0,8.0594e+07,0,3.1375e+07,-573947,573947
0,0,0,8.0594e+07,0,3.01653e+07,-610079,610079
0,0,0,8.0594e+07,0,3.01716e+07,-609888,609888
0,0,0,8.0594e+07,0,3.0178e+07,-609698,609698
0,0,0,8.0594e+07,0,3.01844e+07,-609507,609507
0,0,0,8.0594e+07,0,2.91185e+07,-641352,641352
0,0,0,8.0594e+07,0,2.91247e+07,-641168,641168
0,0,0,8.0594e+07,0,2.91308e+07,-640985,640985
0,0,0,8.0594e+07,0,2.9137e+07,-640802,640802
0,0,0,8.0594e+07,0,2.6658e+07,-714795,714795
0,0,0,8.0594e+07,0,2.66636e+07,-714628,714628
0,0,0,8.0594e+07,0,2.66692e+07,-714460,714460
0,0,0,8.0594e+07,0,2.66748e+07,-714293,714293
0,0,0,8.0594e+07,0,2.66804e+07,-714126,714126
0,0,0,8.0594e+07,8.05745e+06,2.74955e+07,-689819,689819
0,0,0,8.0594e+07,0.000745969,2.75011e+07,-689654,689654
0,0,0,8.0594e+07,0,2.75066e+07,-689489,689489
0,0,0,8.0594e+07,0,2.75122e+07,-689324,689324
0,0,0,8.0594e+07,0,3.03635e+07,-604253,604253
0,0,0,8.0594e+07,0,3.03696e+07,-604070,604070
0,0,0,8.0594e+07,0,3.03758e+07,-603887,603887
0,0,0,8.0594e+07,0,3.03819e+07,-603703,603703
0,0,0,8.0594e+07,0,2.64679e+07,-720457,720457
0,0,0,8.0594e+07,0,2.64732e+07,-720298,720298
0,0,0,8.0594e+07,0,2.64785e+07,-720140,720140
0,0,0,8.0594e+07,0,2.64839e+07,-719981,719981
0,0,0,8.0594e+07,0,2.64892e+07,-719822,719822
0,0,0,8.0594e+07,0,2.74663e+07,-690679,690679
0,0,0,8.0594e+07,0,2.74718e+07,-690514,690514
0,0,0,8.0594e+07,0,2.74773e+07,-690349,690349
0,0,0,8.0594e+07,0,2.74829e+07,-690184,690184
0,0,0,8.0594e+07,0,2.71096e+07,-701318,701318
0,0,0,8.0594e+07,0,2.7115e+07,-701155,701155
0,0,0,8.0594e+07,0,2.71205e+07,-700993,700993
0,0,0,8.0594e+07,0,2.71259e+07,-700830,700830
0,0,0,8.0594e+07,0,2.84511e+07,-661299,661299
0,0,0,8.0594e+07,0,2.84569e+07,-661128,661128
0,0,0,8.0594e+07,0,2.84626e+07,-660956,660956
0,0,0,8.0594e+07,0,2.84684e+07,-660785,660785
0,0,0,8.0594e+07,0,2.84741e+07,-660614,660614
0,0,0,8.0594e+07,0,2.87909e+07,-651066,651066
0,0,0,8.0594e+07,0,2.87967e+07,-650893,650893
0,0,0,8.0594e+07,0,2.88025e+07,-650720,650720
0,0,0,8.0594e+07,0,2.88083e+07,-650547,650547
0,0,0,8.0594e+07,0,2.94734e+07,-630710,630710
0,0,0,8.0594e+07,0,2.94794e+07,-630532,630532
0,0,0,8.0594e+07,0,2.94853e+07,-630355,630355
0,0,0,8.0594e+07,0,2.94913e+07,-630177,630177
0,0,0,8.0594e+07,0,3.16854e+07,-564689,564689
0,0,0,8.0594e+07,0,3.16918e+07,-564498,564498
0,0,0,8.0594e+07,0,3.16983e+07,-564307,564307
0,0,0,8.0594e+07,0,3.17047e+07,-564115,564115
0,0,0,8.0594e+07,0,3.17111e+07,-563924,563924
0,0,0,8.0594e+07,0,3.04876e+07,-600467,600467
0,0,0,8.0594e+07,0,3.04937e+07,-600284,600284
0,0,0,8.0594e+07,0,3.04999e+07,-600100,600100
0,0,0,8.0594e+07,0,3.0506e+07,-599916,599916
0,0,0,8.0594e+07,0,2.9428e+07,-632123,632123
0,0,0,8.0594e+07,0,2.9434e+07,-631946,631946
0,0,0,8.0594e+07,0,2.94399e+07,-631769,631769
0,0,0,8.0594e+07,0,2.94458e+07,-631592,631592
0,0,0,8.0594e+07,0,2.69391e+07,-706414,706414
0,0,0,8.0594e+07,0,2.69445e+07,-706253,706253
0,0,0,8.0594e+07,0,2.69499e+07,-706091,706091
0,0,0,8.0594e+07,0,2.69553e+07,-705930,705930
0,0,0,8.0594e+07,0,2.69607e+07,-705769,705769
0,0,0,8.0594e+07,8.05745e+06,2.77846e+07,-681201,681201
0,0,0,8.0594e+07,0,2.77899e+07,-681042,681042
0,0,0,8.0594e+07,0,2.77952e+07,-680883,680883
0,0,0,8.0594e+07,0,2.78006e+07,-680724,680724
0,0,0,8.0594e+07,0,3.06829e+07,-594727,594727
0,0,0,8.0594e+07,0,3.06889e+07,-594550,594550
0,0,0,8.0594e+07,0,3.06948e+07,-594374,594374
0,0,0,8.0594e+07,0,3.07007e+07,-594197,594197
0,0,0,8.0594e+07,0,2.67435e+07,-712238,712238
0,0,0,8.0594e+07,0,2.67487e+07,-712085,712085
0,0,0,8.0594e+07,0,2.67538e+07,-711932,711932
0,0,0,8.0594e+07,0,2.67589e+07,-711779,711779
0,0,0,8.0594e+07,0,2.67641e+07,-711626,711626
0,0,0,8.0594e+07,0,2.77515e+07,-682173,682173
0,0,0,8.0594e+07,0,2.77569e+07,-682014,682014
0,0,0,8.0594e+07,0,2.77622e+07,-681855,681855
0,0,0,8.0594e+07,0,2.77675e+07,-681696,681696
0,0,0,8.0594e+07,0,2.73899e+07,-692959,692959
0,0,0,8.0594e+07,0,2.73952e+07,-692802,692802
0,0,0,8.0594e+07,0,2.74004e+07,-692646,692646
0,0,0,8.0594e+07,0,2.74057e+07,-692489,692489
0,0,0,8.0594e+07,0,2.87449e+07,-652538,652538
0,0,0,8.0594e+07,0,2.87505e+07,-652373,652373
0,0,0,8.0594e+07,0,2.8756e+07,-652208,652208
0,0,0,8.0594e+07,0,2.87615e+07,-652044,652044
0,0,0,8.0594e+07,0,2.8767e+07,-651879,651879
0,0,0,8.0594e+07,0,2.9087e+07,-642236,642236
0,0,0,8.0594e+07,0,2.90926e+07,-642069,642069
0,0,0,8.0594e+07,0,2.90982e+07,-641903,641903
0,0,0,8.0594e+07,0,2.91038e+07,-641736,641736
0,0,0,8.0594e+07,0,2.97757e+07,-621694,621694
0,0,0,8.0594e+07,0,2.97815e+07,-621523,621523
0,0,0,8.0594e+07,0,2.97872e+07,-621352,621352
0,0,0,8.0594e+07,0,2.97929e+07,-621182,621182
0,0,0,8.0594e+07,0,3.20102e+07,-555002,555002
0,0,0,8.0594e+07,0,3.20164e+07,-554818,554818
0,0,0,8.0594e+07,0,3.20226e+07,-554634,554634
0,0,0,8.0594e+07,0,3.20288e+07,-554449,554449
0,0,0,8.0594e+07,0,3.20349e+07,-554265,554265
0,0,0,8.0594e+07,0,3.07981e+07,-591206,591206
0,0,0,8.0594e+07,0,3.0804e+07,-591029,591029
0,0,0,8.0594e+07,0,3.081e+07,-590853,590853
0,0,0,8.0594e+07,0,3.08159e+07,-590676,590676
0,0,0,8.0594e+07,0,2.97262e+07,-623233,623233
0,0,0,8.0594e+07,0,2.97319e+07,-623062,623062
0,0,0,8.0594e+07,0,2.97376e+07,-622892,622892
0,0,0,8.0594e+07,0,2.97433e+07,-622722,622722
0,0,0,8.0594e+07,0,2.72098e+07,-698341,698341
0,0,0,8.0594e+07,0,2.7215e+07,-698186,698186
0,0,0,8.0594e+07,0,2.72202e+07,-698030,698030
0,0,0,8.0594e+07,0,2.72254e+07,-697875,697875
0,0,0,8.0594e+07,0,2.72307e+07,-697720,697720
0,0,0,8.0594e+07,8.05745e+06,2.80629e+07,-672902,672902
0,0,0,8.0594e+07,0,2.8068e+07,-672750,672750
0,0,0,8.0594e+07,0,2.80731e+07,-672597,672597
0,0,0,8.0594e+07,0,2.80783e+07,-672444,672444
0,0,0,8.0594e+07,0,3.09905e+07,-585555,585555
0,0,0,8.0594e+07,0,3.09962e+07,-585385,585385
0,0,0,8.0594e+07,0,3.10019e+07,-585216,585216
0,0,0,8.0594e+07,0,3.10076e+07,-585046,585046
0,0,0,8.0594e+07,0,2.70089e+07,-704326,704326
0,0,0,8.0594e+07,0,2.70138e+07,-704180,704180
0,0,0,8.0594e+07,0,2.70187e+07,-704033,704033
0,0,0,8.0594e+07,0,2.70236e+07,-703886,703886
0,0,0,8.0594e+07,0,2.70286e+07,-703739,703739
0,0,0,8.0594e+07,0,2.8026e+07,-673988,673988
0,0,0,8.0594e+07,0,2.80311e+07,-673836,673836
0,0,0,8.0594e+07,0,2.80363e+07,-673683,673683
0,0,0,8.0594e+07,0,2.80414e+07,-673531,673531
0,0,0,8.0594e+07,0,2.76596e+07,-684918,684918
0,0,0,8.0594e+07,0,2.76646e+07,-684767,684767
0,0,0,8.0594e+07,0,2.76697e+07,-684617,684617
0,0,0,8.0594e+07,0,2.76747e+07,-684467,684467
0,0,0,8.0594e+07,0,2.90275e+07,-644112,644112
0,0,0,8.0594e+07,0,2.90328e+07,-643954,643954
0,0,0,8.0594e+07,0,2.90381e+07,-643796,643796
0,0,0,8.0594e+07,0,2.90434e+07,-643638,643638
0,0,0,8.0594e+07,0,2.90487e+07,-643479,643479
0,0,0,8.0594e+07,0,2.93717e+07,-633746,633746
0,0,0,8.0594e+07,0,2.93771e+07,-633586,633586
0,0,0,8.0594e+07,0,2.93824e+07,-633426,633426
0,0,0,8.0594e+07,0,2.93878e+07,-633266,633266
0,0,0,8.0594e+07,0,3.00663e+07,-613028,613028
0,0,0,8.0594e+07,0,3.00718e+07,-612864,612864
0,0,0,8.0594e+07,0,3.00773e+07,-612700,612700
0,0,0,8.0594e+07,0,3.00828e+07,-612536,612536
0,0,0,8.0594e+07,0,3.23224e+07,-545693,545693
0,0,0,8.0594e+07,0,3.23283e+07,-545516,545516
0,0,0,8.0594e+07,0,3.23342e+07,-545340,545340
0,0,0,8.0594e+07,0,3.23402e+07,-545163,545163
0,0,0,8.0594e+07,0,3.23461e+07,-544986,544986
0,0,0,8.0594e+07,0,3.10964e+07,-582310,582310
0,0,0,8.0594e+07,0,3.11021e+07,-582140,582140
0,0,0,8.0594e+07,0,3.11078e+07,-581970,581970
0,0,0,8.0594e+07,0,3.11135e+07,-581800,581800
0,0,0,8.0594e+07,0,3.00125e+07,-614694,614694
0,0,0,8.0594e+07,0,3.0018e+07,-614531,614531
0,0,0,8.0594e+07,0,3.00235e+07,-614367,614367
0,0,0,8.0594e+07,0,3.0029e+07,-614203,614203
0,0,0,8.0594e+07,0,2.74698e+07,-690590,690590
0,0,0,8.0594e+07,0,2.74748e+07,-690441,690441
0,0,0,8.0594e+07,0,2.74798e+07,-690292,690292
0,0,0,8.0594e+07,0,2.74848e+07,-690143,690143
0,0,0,8.0594e+07,0,2.74898e+07,-689994,689994
0,0,0,8.0594e+07,8.05745e+06,2.833e+07,-664937,664937
0,0,0,8.0594e+07,0,2.83349e+07,-664790,664790
0,0,0,8.0594e+07,0,2.83398e+07,-664644,664644
0,0,0,8.0594e+07,0,2.83448e+07,-664498,664498
0,0,0,8.0594e+07,0,3.12857e+07,-576753,576753
0,0,0,8.0594e+07,0,3.12911e+07,-576591,576591
0,0,0,8.0594e+07,0,3.12966e+07,-576429,576429
0,0,0,8.0594e+07,0,3.1302e+07,-576267,576267
0,0,0,8.0594e+07,0,2.72634e+07,-696736,696736
0,0,0,8.0594e+07,0,2.72681e+07,-696596,696596
0,0,0,8.0594e+07,0,2.72728e+07,-696456,696456
0,0,0,8.0594e+07,0,2.72775e+07,-696315,696315
0,0,0,8.0594e+07,0,2.72823e+07,-696175,696175
0,0,0,8.0594e+07,0,2.82893e+07,-666139,666139
0,0,0,8.0594e+07,0,2.82942e+07,-665993,665993
0,0,0,8.0594e+07,0,2.82991e+07,-665847,665847
0,0,0,8.0594e+07,0,2.8304e+07,-665701,665701
0,0,0,8.0594e+07,0,2.79182e+07,-677208,677208
0,0,0,8.0594e+07,0,2.7923e+07,-677064,677064
0,0,0,8.0594e+07,0,2.79278e+07,-676920,676920
0,0,0,8.0594e+07,0,2.79326e+07,-676776,676776
0,0,0,8.0594e+07,0,2.92984e+07,-636036,636036
0,0,0,8.0594e+07,0,2.93034e+07,-635884,635884
0,0,0,8.0594e+07,0,2.93085e+07,-635733,635733
0,0,0,8.0594e+07,0,2.93136e+07,-635582,635582
0,0,0,8.0594e+07,0,2.93187e+07,-635431,635431
0,0,0,8.0594e+07,0,2.96445e+07,-625611,625611
0,0,0,8.0594e+07,0,2.96496e+07,-625458,625458
0,0,0,8.0594e+07,0,2.96547e+07,-625305,625305
0,0,0,8.0594e+07,0,2.96599e+07,-625152,625152
0,0,0,8.0594e+07,0,3.03447e+07,-604727,604727
0,0,0,8.0594e+07,0,3.03499e+07,-604570,604570
0,0,0,8.0594e+07,0,3.03552e+07,-604413,604413
0,0,0,8.0594e+07,0,3.03605e+07,-604256,604256
0,0,0,8.0594e+07,0,3.26213e+07,-536778,536778
0,0,0,8.0594e+07,0,3.2627e+07,-536609,536609
0,0,0,8.0594e+07,0,3.26326e+07,-536440,536440
0,0,0,8.0594e+07,0,3.26383e+07,-536271,536271
0,0,0,8.0594e+07,0,3.2644e+07,-536102,536102
0,0,0,8.0594e+07,0,3.1382e+07,-573793,573793
0,0,0,8.0594e+07,0,3.13875e+07,-573630,573630
0,0,0,8.0594e+07,0,3.13929e+07,-573468,573468
0,0,0,8.0594e+07,0,3.13984e+07,-573305,573305
0,0,0,8.0594e+07,0,3.02865e+07,-606522,606522
0,0,0,8.0594e+07,0,3.02918e+07,-606366,606366
0,0,0,8.0594e+07,0,3.0297e+07,-606209,606209
0,0,0,8.0594e+07,0,3.03023e+07,-606053,606053
0,0,0,8.0594e+07,0,2.77185e+07,-683173,683173
0,0,0,8.0594e+07,0,2.77233e+07,-683031,683031
0,0,0,8.0594e+07,0,2.77281e+07,-682888,682888
0,0,0,8.0594e+07,0,2.77328e+07,-682746,682746
0,0,0,8.0594e+07,0,2.77376e+07,-682603,682603
0,0,0,8.0594e+07,0,2.85856e+07,-657317,657317
0,0,0,8.0594e+07,8.05745e+06,2.85903e+07,-657178,657178
0,0,0,8.0594e+07,0,2.85949e+07,-657038,657038
0,0,0,8.0594e+07,0,2.85996e+07,-656899,656899
0,0,0,8.0594e+07,0,3.15679e+07,-568337,568337
0,0,0,8.0594e+07,0,3.15731e+07,-568182,568182
0,0,0,8.0594e+07,0,3.15783e+07,-568027,568027
0,0,0,8.0594e+07,0,3.15835e+07,-567873,567873
0,0,0,8.0594e+07,0,2.75068e+07,-689480,689480
0,0,0,8.0594e+07,0,2.75113e+07,-689346,689346
0,0,0,8.0594e+07,0,2.75158e+07,-689212,689212
0,0,0,8.0594e+07,0,2.75203e+07,-689078,689078
0,0,0,8.0594e+07,0,2.75248e+07,-688944,688944
0,0,0,8.0594e+07,0,2.85409e+07,-658635,658635
0,0,0,8.0594e+07,0,2.85456e+07,-658496,658496
0,0,0,8.0594e+07,0,2.85502e+07,-658357,658357
0,0,0,8.0594e+07,0,2.85549e+07,-658218,658218
0,0,0,8.0594e+07,0,2.81653e+07,-669840,669840
0,0,0,8.0594e+07,0,2.81699e+07,-669702,669702
0,0,0,8.0594e+07,0,2.81745e+07,-669565,669565
0,0,0,8.0594e+07,0,2.81791e+07,-669428,669428
0,0,0,8.0594e+07,0,2.95572e+07,-628319,628319
0,0,0,8.0594e+07,0,2.9562e+07,-628175,628175
0,0,0,8.0594e+07,0,2.95668e+07,-628030,628030
0,0,0,8.0594e+07,0,2.95717e+07,-627886,627886
0,0,0,8.0594e+07,0,2.95765e+07,-627742,627742
0,0,0,8.0594e+07,0,2.9905e+07,-617841,617841
0,0,0,8.0594e+07,0,2.99099e+07,-617695,617695
0,0,0,8.0594e+07,0,2.99148e+07,-617549,617549
0,0,0,8.0594e+07,0,2.99197e+07,-617403,617403
0,0,0,8.0594e+07,0,3.06105e+07,-596799,596799
0,0,0,8.0594e+07,0,3.06155e+07,-596650,596650
0,0,0,8.0594e+07,0,3.06206e+07,-596500,596500
0,0,0,8.0594e+07,0,3.06256e+07,-596350,596350
0,0,0,8.0594e+07,0,3.29067e+07,-528266,528266
0,0,0,8.0594e+07,0,3.29121e+07,-528105,528105
0,0,0,8.0594e+07,0,3.29175e+07,-527943,527943
0,0,0,8.0594e+07,0,3.29229e+07,-527782,527782
0,0,0,8.0594e+07,0,3.29283e+07,-527621,527621
0,0,0,8.0594e+07,0,3.16546e+07,-565662,565662
0,0,0,8.0594e+07,0,3.16598e+07,-565507,565507
0,0,0,8.0594e+07,0,3.1665e+07,-565353,565353
0,0,0,8.0594e+07,0,3.16702e+07,-565198,565198
0,0,0,8.0594e+07,0,3.05481e+07,-598723,598723
0,0,0,8.0594e+07,0,3.05531e+07,-598574,598574
0,0,0,8.0594e+07,0,3.05581e+07,-598424,598424
0,0,0,8.0594e+07,0,3.05631e+07,-598275,598275
0,0,0,8.0594e+07,0,2.79558e+07,-676097,676097
0,0,0,8.0594e+07,0,2.79604e+07,-675961,675961
0,0,0,8.0594e+07,0,2.79649e+07,-675825,675825
0,0,0,8.0594e+07,0,2.79695e+07,-675689,675689
0,0,0,8.0594e+07,0,2.79741e+07,-675553,675553
0,0,0,8.0594e+07,0,2.79741e+07,-675553,675553
0,0,0,4.16402e+08,8.05745e+06,2.88293e+07,-650049,650049
0,0,0,4.16402e+08,0,2.88338e+07,-649916,649916
0,0,0,4.16402e+08,0,2.88382e+07,-649784,649784
0,0,0,4.16402e+08,0,2.88427e+07,-649651,649651
0,0,0,4.16402e+08,0,3.18371e+07,-560310,560310
0,0,0,4.16402e+08,0,3.18421e+07,-560163,560163
0,0,0,4.16402e+08,0,3.1847e+07,-560015,560015
0,0,0,4.16402e+08,0,3.18519e+07,-559868,559868
0,0,0,4.16402e+08,0,2.77389e+07,-682560,682560
0,0,0,4.16402e+08,0,2.77431e+07,-682433,682433
0,0,0,4.16402e+08,0,2.77474e+07,-682306,682306
0,0,0,4.16402e+08,0,2.77517e+07,-682178,682178
0,0,0,4.16402e+08,0,2.77559e+07,-682051,682051
0,0,0,4.16402e+08,0,2.87808e+07,-651483,651483
0,0,0,4.16402e+08,0,2.87852e+07,-651351,651351
0,0,0,4.16402e+08,0,2.87897e+07,-651218,651218
0,0,0,4.16402e+08,0,2.87941e+07,-651086,651086
0,0,0,4.16402e+08,0,2.84008e+07,-662817,662817
0,0,0,4.16402e+08,0,2.84052e+07,-662687,662687
0,0,0,4.16402e+08,0,2.84095e+07,-662556,662556
0,0,0,4.16402e+08,0,2.84139e+07,-662426,662426
0,0,0,4.16402e+08,0,2.98038e+07,-620966,620966
0,0,0,4.16402e+08,0,2.98084e+07,-620829,620829
0,0,0,4.16402e+08,0,2.9813e+07,-620691,620691
0,0,0,4.16402e+08,0,2.98176e+07,-620554,620554
0,0,0,4.16402e+08,0,2.98222e+07,-620417,620417
0,0,0,4.16402e+08,0,3.01533e+07,-610438,610438
0,0,0,4.16402e+08,0,3.01579e+07,-610299,610299
0,0,0,4.16402e+08,0,3.01626e+07,-610160,610160
0,0,0,4.16402e+08,0,3.01672e+07,-610021,610021
0,0,0,4.16402e+08,0,3.08637e+07,-589248,589248
0,0,0,4.16402e+08,0,3.08685e+07,-589106,589106
0,0,0,4.16402e+08,0,3.08733e+07,-588964,588964
0,0,0,4.16402e+08,0,3.0878e+07,-588821,588821
0,0,0,4.16402e+08,0,3.31785e+07,-520161,520161
0,0,0,4.16402e+08,0,3.31836e+07,-520007,520007
0,0,0,4.16402e+08,0,3.31888e+07,-519854,519854
0,0,0,4.16402e+08,0,3.31939e+07,-519700,519700
0,0,0,4.16402e+08,0,3.31991e+07,-519547,519547
0,0,0,4.16402e+08,0,3.19142e+07,-557923,557923
0,0,0,4.16402e+08,0,3.19191e+07,-557775,557775
0,0,0,4.16402e+08,0,3.19241e+07,-557628,557628
0,0,0,4.16402e+08,0,3.1929e+07,-557481,557481
0,0,0,4.16402e+08,0,3.0797e+07,-591300,591300
0,0,0,4.16402e+08,0,3.08018e+07,-591158,591158
0,0,0,4.16402e+08,0,3.08065e+07,-591016,591016
0,0,0,4.16402e+08,0,3.08113e+07,-590874,590874
0,0,0,4.16402e+08,0,2.81817e+07,-669364,669364
0,0,0,4.16402e+08,0,2.8186e+07,-669234,669234
0,0,0,4.16402e+08,0,2.81903e+07,-669105,669105
0,0,0,4.16402e+08,0,2.81947e+07,-668976,668976
0,0,0,4.16402e+08,0,2.8199e+07,-668846,668846
0,0,0,4.16402e+08,0,2.90612e+07,-643135,643135
0,0,0,4.16402e+08,0,2.90654e+07,-643009,643009
0,0,0,4.16402e+08,0,2.90697e+07,-642883,642883
0,0,0,4.16402e+08,0,2.90739e+07,-642758,642758
0,0,0,4.16402e+08,0,3.20931e+07,-552676,552676
0,0,0,4.16402e+08,0,3.20978e+07,-552536,552536
0,0,0,4.16402e+08,0,3.21025e+07,-552396,552396
0,0,0,4.16402e+08,0,3.21072e+07,-552257,552257
0,0,0,4.16402e+08,0,2.79595e+07,-675981,675981
0,0,0,4.16402e+08,0,2.79635e+07,-675860,675860
0,0,0,4.16402e+08,0,2.79676e+07,-675740,675740
0,0,0,4.16402e+08,0,2.79717e+07,-675619,675619
0,0,0,4.16402e+08,0,2.79757e+07,-675498,675498
0,0,0,4.16402e+08,0,2.90088e+07,-644685,644685
0,0,0,4.16402e+08,0,2.9013e+07,-644559,644559
0,0,0,4.16402e+08,0,2.90172e+07,-644433,644433
0,0,0,4.16402e+08,0,2.90214e+07,-644308,644308
0,0,0,4.16402e+08,0,2.86246e+07,-656144,656144
0,0,0,4.16402e+08,0,2.86287e+07,-656020,656020
0,0,0,4.16402e+08,0,2.86329e+07,-655897,655897
0,0,0,4.16402e+08,0,2.8637e+07,-655773,655773
0,0,0,4.16402e+08,0,3.0038e+07,-613980,613980
0,0,0,4.16402e+08,0,3.00424e+07,-613850,613850
0,0,0,4.16402e+08,0,3.00468e+07,-613720,613720
0,0,0,4.16402e+08,0,3.00511e+07,-613590,613590
0,0,0,4.16402e+08,0,3.00555e+07,-613460,613460
0,0,0,4.16402e+08,0,3.0389e+07,-603408,603408
0,0,0,4.16402e+08,0,3.03934e+07,-603276,603276
0,0,0,4.16402e+08,0,3.03979e+07,-603144,603144
0,0,0,4.16402e+08,0,3.04023e+07,-603013,603013
0,0,0,4.16402e+08,0,3.11041e+07,-582079,582079
0,0,0,4.16402e+08,0,3.11086e+07,-581944,581944
0,0,0,4.16402e+08,0,3.11132e+07,-581809,581809
0,0,0,4.16402e+08,0,3.11177e+07,-581674,581674
0,0,0,4.16402e+08,0,3.34365e+07,-512466,512466
0,0,0,4.16402e+08,0,3.34413e+07,-512321,512321
0,0,0,4.16402e+08,0,3.34462e+07,-512175,512175
0,0,0,4.16402e+08,0,3.34511e+07,-512030,512030
0,0,0,4.16402e+08,0,3.3456e+07,-511884,511884
0,0,0,4.16402e+08,0,3.21604e+07,-550578,550578
0,0,0,4.16402e+08,0,3.21651e+07,-550439,550439
0,0,0,4.16402e+08,0,3.21698e+07,-550299,550299
0,0,0,4.16402e+08,0,3.21745e+07,-550159,550159
0,0,0,4.16402e+08,0,3.10332e+07,-584258,584258
0,0,0,4.16402e+08,0,3.10377e+07,-584124,584124
0,0,0,4.16402e+08,0,3.10422e+07,-583989,583989
0,0,0,4.16402e+08,0,3.10467e+07,-583854,583854
0,0,0,4.16402e+08,0,2.83958e+07,-662977,662977
0,0,0,4.16402e+08,0,2.83999e+07,-662855,662855
0,0,0,4.16402e+08,0,2.84041e+07,-662732,662732
0,0,0,4.16402e+08,0,2.84082e+07,-662610,662610
0,0,0,4.16402e+08,0,2.84123e+07,-662487,662487
0,0,0,4.16402e+08,0,2.92811e+07,-636580,636580
0,0,0,4.16402e+08,0,2.9285e+07,-636461,636461
0,0,0,4.16402e+08,0,2.9289e+07,-636343,636343
0,0,0,4.16402e+08,0,2.9293e+07,-636224,636224
0,0,0,4.16402e+08,0,3.23358e+07,-545440,545440
0,0,0,4.16402e+08,0,3.23402e+07,-545309,545309
0,0,0,4.16402e+08,0,3.23446e+07,-545177,545177
0,0,0,4.16402e+08,0,3.2349e+07,-545045,545045
0,0,0,4.16402e+08,0,2.81685e+07,-669748,669748
0,0,0,4.16402e+08,0,2.81724e+07,-669634,669634
0,0,0,4.16402e+08,0,2.81762e+07,-669520,669520
0,0,0,4.16402e+08,0,2.818e+07,-669406,669406
0,0,0,4.16402e+08,0,2.81838e+07,-669292,669292
0,0,0,4.16402e+08,0,2.92247e+07,-638246,638246
0,0,0,4.16402e+08,0,2.92287e+07,-638128,638128
0,0,0,4.16402e+08,0,2.92326e+07,-638009,638009
0,0,0,4.16402e+08,0,2.92366e+07,-637891,637891
0,0,0,4.16402e+08,0,2.88364e+07,-649827,649827
0,0,0,4.16402e+08,0,2.88403e+07,-649710,649710
0,0,0,4.16402e+08,0,2.88443e+07,-649594,649594
0,0,0,4.16402e+08,0,2.88482e+07,-649477,649477
0,0,0,4.16402e+08,0,3.02597e+07,-607370,607370
0,0,0,4.16402e+08,0,3.02638e+07,-607247,607247
0,0,0,4.16402e+08,0,3.0268e+07,-607124,607124
0,0,0,4.16402e+08,0,3.02721e+07,-607001,607001
0,0,0,4.16402e+08,0,3.02762e+07,-606878,606878
0,0,0,4.16402e+08,0,3.0612e+07,-596758,596758
0,0,0,4.16402e+08,0,3.06162e+07,-596634,596634
0,0,0,4.16402e+08,0,3.06203e+07,-596509,596509
0,0,0,4.16402e+08,0,3.06245e+07,-596385,596385
0,0,0,4.16402e+08,0,3.13314e+07,-575300,575300
0,0,0,4.16402e+08,0,3.13357e+07,-575173,575173
0,0,0,4.16402e+08,0,3.134e+07,-575046,575046
0,0,0,4.16402e+08,0,3.13442e+07,-574918,574918
0,0,0,4.16402e+08,0,3.36803e+07,-505194,505194
0,0,0,4.16402e+08,0,3.36849e+07,-505057,505057
0,0,0,4.16402e+08,0,3.36895e+07,-504920,504920
0,0,0,4.16402e+08,0,3.36941e+07,-504782,504782
0,0,0,4.16402e+08,0,3.36987e+07,-504645,504645
0,0,0,4.16402e+08,0,3.23931e+07,-543640,543640
0,0,0,4.16402e+08,0,3.23975e+07,-543508,543508
0,0,0,4.16402e+08,0,3.2402e+07,-543376,543376
0,0,0,4.16402e+08,0,3.24064e+07,-543244,543244
0,0,0,4.16402e+08,0,3.12562e+07,-577608,577608
0,0,0,4.16402e+08,0,3.12604e+07,-577481,577481
0,0,0,4.16402e+08,0,3.12647e+07,-577354,577354
0,0,0,4.16402e+08,0,3.1269e+07,-577227,577227
0,0,0,4.16402e+08,0,2.8598e+07,-656949,656949
0,0,0,4.16402e+08,0,2.86019e+07,-656833,656833
0,0,0,4.16402e+08,0,2.86058e+07,-656717,656717
0,0,0,4.16402e+08,0,2.86097e+07,-656602,656602
0,0,0,4.16402e+08,0,2.86135e+07,-656486,656486
0,0,0,4.16402e+08,0,2.94885e+07,-630395,630395
0,0,0,4.16402e+08,0,2.94922e+07,-630283,630283
0,0,0,4.16402e+08,0,2.9496e+07,-630172,630172
0,0,0,4.16402e+08,0,2.94997e+07,-630060,630060
0,0,0,4.16402e+08,0,3.25647e+07,-538616,538616
0,0,0,4.16402e+08,0,3.25688e+07,-538492,538492
0,0,0,4.16402e+08,0,3.2573e+07,-538368,538368
0,0,0,4.16402e+08,0,3.25771e+07,-538244,538244
0,0,0,4.16402e+08,0,2.83657e+07,-663871,663871
0,0,0,4.16402e+08,0,2.83693e+07,-663764,663764
0,0,0,4.16402e+08,0,2.83728e+07,-663656,663656
0,0,0,4.16402e+08,0,2.83764e+07,-663549,663549
0,0,0,4.16402e+08,0,2.838e+07,-663442,663442
0,0,0,4.16402e+08,0,2.94282e+07,-632178,632178
0,0,0,4.16402e+08,0,2.9432e+07,-632067,632067
0,0,0,4.16402e+08,0,2.94357e+07,-631955,631955
0,0,0,4.16402e+08,0,2.94394e+07,-631844,631844
0,0,0,4.16402e+08,0,2.90361e+07,-643875,643875
0,0,0,4.16402e+08,0,2.90397e+07,-643765,643765
0,0,0,4.16402e+08,0,2.90434e+07,-643655,643655
0,0,0,4.16402e+08,0,2.90471e+07,-643545,643545
0,0,0,4.16402e+08,0,3.04686e+07,-601143,601143
0,0,0,4.16402e+08,0,3.04724e+07,-601027,601027
0,0,0,4.16402e+08,0,3.04763e+07,-600912,600912
0,0,0,4.16402e+08,0,3.04802e+07,-600797,600797
0,0,0,4.16402e+08,0,3.0484e+07,-600681,600681
0,0,0,4.16402e+08,0,3.0822e+07,-590496,590496
0,0,0,4.16402e+08,0,3.08259e+07,-590380,590380
0,0,0,4.16402e+08,0,3.08298e+07,-590263,590263
0,0,0,4.16402e+08,0,3.08337e+07,-590146,590146
0,0,0,4.16402e+08,0,3.15454e+07,-568920,568920
0,0,0,4.16402e+08,0,3.15494e+07,-568800,568800
0,0,0,4.16402e+08,0,3.15534e+07,-568680,568680
0,0,0,4.16402e+08,0,3.15574e+07,-568561,568561
0,0,0,4.16402e+08,0,3.39098e+07,-498351,498351
0,0,0,4.16402e+08,0,3.39141e+07,-498222,498222
0,0,0,4.16402e+08,0,3.39184e+07,-498093,498093
0,0,0,4.16402e+08,0,3.39227e+07,-497964,497964
0,0,0,4.16402e+08,0,3.39271e+07,-497835,497835
0,0,0,4.16402e+08,0,3.26119e+07,-537114,537114
0,0,0,4.16402e+08,0,3.26161e+07,-536990,536990
0,0,0,4.16402e+08,0,3.26202e+07,-536866,536866
0,0,0,4.16402e+08,0,3.26244e+07,-536742,536742
0,0,0,4.16402e+08,0,3.14659e+07,-571355,571355
0,0,0,4.16402e+08,0,3.14699e+07,-571236,571236
0,0,0,4.16402e+08,0,3.14739e+07,-571117,571117
0,0,0,4.16402e+08,0,3.14779e+07,-570997,570997
0,0,0,4.16402e+08,0,2.87881e+07,-651282,651282
0,0,0,4.16402e+08,0,2.87917e+07,-651174,651174
0,0,0,4.16402e+08,0,2.87954e+07,-651065,651065
0,0,0,4.16402e+08,0,2.8799e+07,-650956,650956
0,0,0,4.16402e+08,0,2.88026e+07,-650848,650848
0,0,0,4.16402e+08,0,2.96834e+07,-624584,624584
0,0,0,4.16402e+08,0,2.96869e+07,-624479,624479
0,0,0,4.16402e+08,0,2.96904e+07,-624375,624375
0,0,0,4.16402e+08,0,2.96939e+07,-624270,624270
0,0,0,4.16402e+08,0,3.27797e+07,-532205,532205
0,0,0,4.16402e+08,0,3.27835e+07,-532089,532089
0,0,0,4.16402e+08,0,3.27874e+07,-531973,531973
0,0,0,4.16402e+08,0,3.27913e+07,-531857,531857
0,0,0,4.16402e+08,0,2.85508e+07,-658351,658351
0,0,0,4.16402e+08,0,2.85541e+07,-658250,658250
0,0,0,4.16402e+08,0,2.85575e+07,-658150,658150
0,0,0,4.16402e+08,0,2.85609e+07,-658050,658050
0,0,0,4.16402e+08,0,2.85643e+07,-657949,657949
0,0,0,4.16402e+08,0,2.96193e+07,-626480,626480
0,0,0,4.16402e+08,0,2.96228e+07,-626376,626376
0,0,0,4.16402e+08,0,2.96263e+07,-626272,626272
0,0,0,4.16402e+08,0,2.96298e+07,-626167,626167
0,0,0,4.16402e+08,0,2.92235e+07,-638287,638287
0,0,0,4.16402e+08,0,2.92269e+07,-638184,638184
0,0,0,4.16402e+08,0,2.92304e+07,-638081,638081
0,0,0,4.16402e+08,0,2.92338e+07,-637978,637978
0,0,0,4.16402e+08,0,3.06645e+07,-595299,595299
0,0,0,4.16402e+08,0,3.06682e+07,-595191,595191
0,0,0,4.16402e+08,0,3.06718e+07,-595083,595083
0,0,0,4.16402e+08,0,3.06754e+07,-594974,594974
0,0,0,4.16402e+08,0,3.0679e+07,-594866,594866
0,0,0,4.16402e+08,0,3.1019e+07,-584622,584622
0,0,0,4.16402e+08,0,3.10226e+07,-584512,584512
0,0,0,4.16402e+08,0,3.10263e+07,-584403,584403
0,0,0,4.16402e+08,0,3.103e+07,-584293,584293
0,0,0,4.16402e+08,0,3.17461e+07,-562934,562934
0,0,0,4.16402e+08,0,3.17498e+07,-562822,562822
0,0,0,4.16402e+08,0,3.17536e+07,-562710,562710
0,0,0,4.16402e+08,0,3.17574e+07,-562598,562598
0,0,0,4.16402e+08,0,3.41249e+07,-491934,491934
0,0,0,4.16402e+08,0,3.4129e+07,-491813,491813
0,0,0,4.16402e+08,0,3.4133e+07,-491692,491692
0,0,0,4.16402e+08,0,3.41371e+07,-491572,491572
0,0,0,4.16402e+08,0,3.41411e+07,-491451,491451
0,0,0,4.16402e+08,0,3.28171e+07,-530995,530995
0,0,0,4.16402e+08,0,3.2821e+07,-530879,530879
0,0,0,4.16402e+08,0,3.28249e+07,-530763,530763
0,0,0,4.16402e+08,0,3.28288e+07,-530647,530647
0,0,0,4.16402e+08,0,3.16624e+07,-565494,565494
0,0,0,4.16402e+08,0,3.16662e+07,-565382,565382
0,0,0,4.16402e+08,0,3.16699e+07,-565271,565271
0,0,0,4.16402e+08,0,3.16736e+07,-565159,565159
0,0,0,4.16402e+08,0,2.89661e+07,-645972,645972
0,0,0,4.16402e+08,0,2.89696e+07,-645871,645871
0,0,0,4.16402e+08,0,2.8973e+07,-645769,645769
0,0,0,4.16402e+08,0,2.89764e+07,-645667,645667
0,0,0,4.16402e+08,0,2.89798e+07,-645565,645565
0,0,0,4.16402e+08,0,2.9866e+07,-619140,619140
0,0,0,4.16402e+08,0,2.98692e+07,-619042,619042
0,0,0,4.16402e+08,0,2.98725e+07,-618945,618945
0,0,0,4.16402e+08,0,2.98758e+07,-618847,618847
0,0,0,4.16402e+08,0,3.2981e+07,-526201,526201
0,0,0,4.16402e+08,0,3.29846e+07,-526092,526092
0,0,0,4.16402e+08,0,3.29883e+07,-525984,525984
0,0,0,4.16402e+08,0,3.29919e+07,-525876,525876
0,0,0,4.16402e+08,0,2.87241e+07,-653182,653182
0,0,0,4.16402e+08,0,2.87273e+07,-653089,653089
0,0,0,4.16402e+08,0,2.87304e+07,-652995,652995
0,0,0,4.16402e+08,0,2.87335e+07,-652901,652901
0,0,0,4.16402e+08,0,2.87367e+07,-652807,652807
0,0,0,4.16402e+08,0,2.97982e+07,-621147,621147
0,0,0,4.16402e+08,0,2.98014e+07,-621050,621050
0,0,0,4.16402e+08,0,2.98047e+07,-620952,620952
0,0,0,4.16402e+08,0,2.9808e+07,-620855,620855
0,0,0,4.16402e+08,0,2.93988e+07,-633058,633058
0,0,0,4.16402e+08,0,2.9402e+07,-632962,632962
0,0,0,4.16402e+08,0,2.94052e+07,-632866,632866
0,0,0,4.16402e+08,0,2.94085e+07,-632770,632770
0,0,0,4.16402e+08,0,3.08479e+07,-589832,589832
0,0,0,4.16402e+08,0,3.08513e+07,-589731,589731
0,0,0,4.16402e+08,0,3.08547e+07,-589630,589630
0,0,0,4.16402e+08,0,3.0858e+07,-589529,589529
0,0,0,4.16402e+08,0,3.08614e+07,-589428,589428
0,0,0,4.16402e+08,0,3.12032e+07,-579128,579128
0,0,0,4.16402e+08,0,3.12066e+07,-579026,579026
0,0,0,4.16402e+08,0,3.121e+07,-578924,578924
0,0,0,4.16402e+08,0,3.12135e+07,-578822,578822
0,0,0,4.16402e+08,0,3.19337e+07,-557339,557339
0,0,0,4.16402e+08,0,3.19372e+07,-557234,557234
0,0,0,4.16402e+08,0,3.19407e+07,-557130,557130
0,0,0,4.16402e+08,0,3.19442e+07,-557025,557025
0,0,0,4.16402e+08,0,3.4326e+07,-485936,485936
0,0,0,4.16402e+08,0,3.43298e+07,-485824,485824
0,0,0,4.16402e+08,0,3.43336e+07,-485711,485711
0,0,0,4.16402e+08,0,3.43374e+07,-485598,485598
0,0,0,4.16402e+08,0,3.43412e+07,-485485,485485
0,0,0,4.16402e+08,0,3.30088e+07,-525279,525279
0,0,0,4.16402e+08,0,3.30124e+07,-525171,525171
0,0,0,4.16402e+08,0,3.3016e+07,-525063,525063
0,0,0,4.16402e+08,0,3.30197e+07,-524954,524954
0,0,0,4.16402e+08,0,3.1846e+07,-560020,560020
0,0,0,4.16402e+08,0,3.18495e+07,-559916,559916
0,0,0,4.16402e+08,0,3.1853e+07,-559812,559812
0,0,0,4.16402e+08,0,3.18565e+07,-559707,559707
0,0,0,4.16402e+08,0,2.91324e+07,-641014,641014
0,0,0,4.16402e+08,0,2.91356e+07,-640919,640919
0,0,0,4.16402e+08,0,2.91388e+07,-640824,640824
0,0,0,4.16402e+08,0,2.9142e+07,-640729,640729
0,0,0,4.16402e+08,0,2.91452e+07,-640634,640634
0,0,0,4.16402e+08,0,2.91452e+07,-640634,640634
0,0,0,4.16402e+08,0,3.00364e+07,-614059,614059
0,0,0,4.16402e+08,0,3.00394e+07,-613968,613968
0,0,0,4.16402e+08,0,3.00424e+07,-613877,613877
0,0,0,4.16402e+08,0,3.00455e+07,-613787,613787
0,0,0,4.16402e+08,0,3.31689e+07,-520599,520599
0,0,0,4.16402e+08,0,3.31722e+07,-520498,520498
0,0,0,4.16402e+08,0,3.31756e+07,-520398,520398
0,0,0,4.16402e+08,0,3.3179e+07,-520297,520297
0,0,0,4.16402e+08,0,2.88858e+07,-648362,648362
0,0,0,4.16402e+08,0,2.88887e+07,-648275,648275
0,0,0,4.16402e+08,0,2.88916e+07,-648188,648188
0,0,0,4.16402e+08,0,2.88945e+07,-648101,648101
0,0,0,4.16402e+08,0,2.88975e+07,-648014,648014
0,0,0,4.16402e+08,0,2.99649e+07,-616176,616176
0,0,0,4.16402e+08,0,2.99679e+07,-616085,616085
0,0,0,4.16402e+08,0,2.9971e+07,-615995,615995
0,0,0,4.16402e+08,0,2.9974e+07,-615904,615904
0,0,0,4.16402e+08,0,2.95622e+07,-628186,628186
0,0,0,4.16402e+08,0,2.95652e+07,-628097,628097
0,0,0,4.16402e+08,0,2.95682e+07,-628008,628008
0,0,0,4.16402e+08,0,2.95712e+07,-627919,627919
0,0,0,4.16402e+08,0,3.10187e+07,-584739,584739
0,0,0,4.16402e+08,0,3.10218e+07,-584646,584646
0,0,0,4.16402e+08,0,3.1025e+07,-584552,584552
0,0,0,4.16402e+08,0,3.10281e+07,-584458,584458
0,0,0,4.16402e+08,0,3.10312e+07,-584364,584364
0,0,0,4.16402e+08,0,3.13747e+07,-574013,574013
0,0,0,4.16402e+08,0,3.13779e+07,-573918,573918
0,0,0,4.16402e+08,0,3.13811e+07,-573823,573823
0,0,0,4.16402e+08,0,3.13842e+07,-573728,573728
0,0,0,4.16402e+08,0,3.21083e+07,-552131,552131
0,0,0,4.16402e+08,0,3.21116e+07,-552034,552034
0,0,0,4.16402e+08,0,3.21149e+07,-551937,551937
0,0,0,4.16402e+08,0,3.21181e+07,-551840,551840
0,0,0,4.16402e+08,0,3.45131e+07,-480356,480356
0,0,0,4.16402e+08,0,3.45166e+07,-480252,480252
0,0,0,4.16402e+08,0,3.45201e+07,-480147,480147
0,0,0,4.16402e+08,0,3.45237e+07,-480042,480042
0,0,0,4.16402e+08,0,3.45272e+07,-479937,479937
0,0,0,4.16402e+08,0,3.3187e+07,-519964,519964
0,0,0,4.16402e+08,0,3.31904e+07,-519863,519863
0,0,0,4.16402e+08,0,3.31938e+07,-519762,519762
0,0,0,4.16402e+08,0,3.31971e+07,-519662,519662
0,0,0,4.16402e+08,0,3.20166e+07,-554932,554932
0,0,0,4.16402e+08,0,3.20199e+07,-554835,554835
0,0,0,4.16402e+08,0,3.20231e+07,-554738,554738
0,0,0,4.16402e+08,0,3.20263e+07,-554641,554641
0,0,0,4.16402e+08,0,2.92869e+07,-636408,636408
0,0,0,4.16402e+08,0,2.92899e+07,-636319,636319
0,0,0,4.16402e+08,0,2.92928e+07,-636231,636231
0,0,0,4.16402e+08,0,2.92958e+07,-636143,636143
0,0,0,4.16402e+08,0,2.92988e+07,-636055,636055
0,0,0,4.16402e+08,0,3.01946e+07,-609340,609340
0,0,0,4.16402e+08,0,3.01974e+07,-609256,609256
0,0,0,4.16402e+08,0,3.02002e+07,-609173,609173
0,0,0,4.16402e+08,0,3.0203e+07,-609089,609089
0,0,0,4.16402e+08,0,3.33433e+07,-515398,515398
0,0,0,4.16402e+08,0,3.33464e+07,-515306,515306
0,0,0,4.16402e+08,0,3.33495e+07,-515213,515213
0,0,0,4.16402e+08,0,3.33526e+07,-515120,515120
0,0,0,4.16402e+08,0,2.90358e+07,-643889,643889
0,0,0,4.16402e+08,0,2.90385e+07,-643809,643809
0,0,0,4.16402e+08,0,2.90412e+07,-643729,643729
0,0,0,4.16402e+08,0,2.90439e+07,-643648,643648
0,0,0,4.16402e+08,0,2.90466e+07,-643568,643568
0,0,0,4.16402e+08,0,3.01195e+07,-611565,611565
0,0,0,4.16402e+08,0,3.01223e+07,-611482,611482
0,0,0,4.16402e+08,0,3.01251e+07,-611398,611398
0,0,0,4.16402e+08,0,3.01279e+07,-611314,611314
0,0,0,4.16402e+08,0,2.97137e+07,-623669,623669
0,0,0,4.16402e+08,0,2.97164e+07,-623587,623587
0,0,0,4.16402e+08,0,2.97192e+07,-623505,623505
0,0,0,4.16402e+08,0,2.9722e+07,-623422,623422
0,0,0,4.16402e+08,0,3.11769e+07,-580021,580021
0,0,0,4.16402e+08,0,3.11798e+07,-579934,579934
0,0,0,4.16402e+08,0,3.11827e+07,-579848,579848
0,0,0,4.16402e+08,0,3.11856e+07,-579761,579761
0,0,0,4.16402e+08,0,3.11885e+07,-579675,579675
0,0,0,4.16402e+08,0,3.15335e+07,-569276,569276
0,0,0,4.16402e+08,0,3.15365e+07,-569189,569189
0,0,0,4.16402e+08,0,3.15394e+07,-569101,569101
0,0,0,4.16402e+08,0,3.15423e+07,-569013,569013
0,0,0,4.16402e+08,0,3.227e+07,-547311,547311
0,0,0,4.16402e+08,0,3.2273e+07,-547221,547221
0,0,0,4.16402e+08,0,3.2276e+07,-547131,547131
0,0,0,4.16402e+08,0,3.2279e+07,-547042,547042
0,0,0,4.16402e+08,0,3.46862e+07,-475194,475194
0,0,0,4.16402e+08,0,3.46895e+07,-475097,475097
0,0,0,4.16402e+08,0,3.46927e+07,-475001,475001
0,0,0,4.16402e+08,0,3.46959e+07,-474904,474904
0,0,0,4.16402e+08,0,3.46992e+07,-474807,474807
0,0,0,4.16402e+08,0,3.33518e+07,-515049,515049
0,0,0,4.16402e+08,0,3.33549e+07,-514956,514956
0,0,0,4.16402e+08,0,3.33581e+07,-514863,514863
0,0,0,4.16402e+08,0,3.33612e+07,-514770,514770
0,0,0,4.16402e+08,0,3.21743e+07,-550230,550230
0,0,0,4.16402e+08,0,3.21773e+07,-550140,550140
0,0,0,4.16402e+08,0,3.21803e+07,-550051,550051
0,0,0,4.16402e+08,0,3.21833e+07,-549961,549961
0,0,0,4.16402e+08,0,2.94296e+07,-632152,632152
0,0,0,4.16402e+08,0,2.94324e+07,-632071,632071
0,0,0,4.16402e+08,0,2.94351e+07,-631989,631989
0,0,0,4.16402e+08,0,2.94378e+07,-631908,631908
0,0,0,4.16402e+08,0,2.94406e+07,-631826,631826
0,0,0,4.16402e+08,0,3.03407e+07,-604984,604984
0,0,0,4.16402e+08,0,3.03433e+07,-604907,604907
0,0,0,4.16402e+08,0,3.03459e+07,-604830,604830
0,0,0,4.16402e+08,0,3.03484e+07,-604754,604754
0,0,0,4.16402e+08,0,3.35042e+07,-510600,510600
0,0,0,4.16402e+08,0,3.3507e+07,-510515,510515
0,0,0,4.16402e+08,0,3.35099e+07,-510430,510430
0,0,0,4.16402e+08,0,3.35127e+07,-510345,510345
0,0,0,4.16402e+08,0,2.91741e+07,-639764,639764
0,0,0,4.16402e+08,0,2.91766e+07,-639690,639690
0,0,0,4.16402e+08,0,2.91791e+07,-639617,639617
0,0,0,4.16402e+08,0,2.91815e+07,-639543,639543
0,0,0,4.16402e+08,0,2.9184e+07,-639469,639469
0,0,0,4.16402e+08,0,3.0262e+07,-607315,607315
0,0,0,4.16402e+08,0,3.02646e+07,-607239,607239
0,0,0,4.16402e+08,0,3.02672e+07,-607162,607162
0,0,0,4.16402e+08,0,3.02697e+07,-607086,607086
0,0,0,4.16402e+08,0,2.98532e+07,-619509,619509
0,0,0,4.16402e+08,0,2.98558e+07,-619433,619433
0,0,0,4.16402e+08,0,2.98583e+07,-619358,619358
0,0,0,4.16402e+08,0,2.98608e+07,-619282,619282
0,0,0,4.16402e+08,0,3.13226e+07,-575676,575676
0,0,0,4.16402e+08,0,3.13253e+07,-575597,575597
0,0,0,4.16402e+08,0,3.13279e+07,-575517,575517
0,0,0,4.16402e+08,0,3.13306e+07,-575438,575438
0,0,0,4.16402e+08,0,3.13333e+07,-575358,575358
0,0,0,4.16402e+08,0,3.16797e+07,-564917,564917
0,0,0,4.16402e+08,0,3.16824e+07,-564837,564837
0,0,0,4.16402e+08,0,3.16851e+07,-564757,564757
0,0,0,4.16402e+08,0,3.16878e+07,-564676,564676
0,0,0,4.16402e+08,0,3.24186e+07,-542877,542877
0,0,0,4.16402e+08,0,3.24214e+07,-542795,542795
0,0,0,4.16402e+08,0,3.24242e+07,-542713,542713
0,0,0,4.16402e+08,0,3.24269e+07,-542630,542630
0,0,0,4.16402e+08,0,3.48453e+07,-470448,470448
0,0,0,4.16402e+08,0,3.48483e+07,-470360,470360
0,0,0,4.16402e+08,0,3.48513e+07,-470271,470271
0,0,0,4.16402e+08,0,3.48543e+07,-470182,470182
0,0,0,4.16402e+08,0,3.48572e+07,-470094,470094
0,0,0,4.16402e+08,0,3.35032e+07,-510534,510534
0,0,0,4.16402e+08,0,3.35061e+07,-510448,510448
0,0,0,4.16402e+08,0,3.3509e+07,-510363,510363
0,0,0,4.16402e+08,0,3.35118e+07,-510278,510278
0,0,0,4.16402e+08,0,3.23191e+07,-545912,545912
0,0,0,4.16402e+08,0,3.23218e+07,-545830,545830
0,0,0,4.16402e+08,0,3.23246e+07,-545748,545748
0,0,0,4.16402e+08,0,3.23273e+07,-545666,545666
0,0,0,4.16402e+08,0,2.95606e+07,-628247,628247
0,0,0,4.16402e+08,0,2.95631e+07,-628172,628172
0,0,0,4.16402e+08,0,2.95656e+07,-628098,628098
0,0,0,4.16402e+08,0,2.95681e+07,-628023,628023
0,0,0,4.16402e+08,0,2.95706e+07,-627948,627948
0,0,0,4.16402e+08,0,3.04747e+07,-600989,600989
0,0,0,4.16402e+08,0,3.0477e+07,-600919,600919
0,0,0,4.16402e+08,0,3.04794e+07,-600849,600849
0,0,0,4.16402e+08,0,3.04817e+07,-600779,600779
0,0,0,4.16402e+08,0,3.36517e+07,-506202,506202
0,0,0,4.16402e+08,0,3.36543e+07,-506124,506124
0,0,0,4.16402e+08,0,3.36569e+07,-506046,506046
0,0,0,4.16402e+08,0,3.36595e+07,-505969,505969
0,0,0,4.16402e+08,0,2.93009e+07,-635985,635985
0,0,0,4.16402e+08,0,2.93031e+07,-635918,635918
0,0,0,4.16402e+08,0,2.93054e+07,-635850,635850
0,0,0,4.16402e+08,0,2.93076e+07,-635783,635783
0,0,0,4.16402e+08,0,2.93099e+07,-635716,635716
0,0,0,4.16402e+08,0,3.03925e+07,-603424,603424
0,0,0,4.16402e+08,0,3.03949e+07,-603354,603354
0,0,0,4.16402e+08,0,3.03972e+07,-603285,603285
0,0,0,4.16402e+08,0,3.03996e+07,-603215,603215
0,0,0,4.16402e+08,0,2.99809e+07,-615701,615701
0,0,0,4.16402e+08,0,2.99833e+07,-615632,615632
0,0,0,4.16402e+08,0,2.99856e+07,-615563,615563
0,0,0,4.16402e+08,0,2.99879e+07,-615494,615494
0,0,0,4.16402e+08,0,3.14559e+07,-571702,571702
0,0,0,4.16402e+08,0,3.14583e+07,-571629,571629
0,0,0,4.16402e+08,0,3.14608e+07,-571557,571557
0,0,0,4.16402e+08,0,3.14632e+07,-571485,571485
0,0,0,4.16402e+08,0,3.14656e+07,-571412,571412
0,0,0,4.16402e+08,0,3.18133e+07,-560933,560933
0,0,0,4.16402e+08,0,3.18158e+07,-560860,560860
0,0,0,4.16402e+08,0,3.18182e+07,-560786,560786
0,0,0,4.16402e+08,0,3.18207e+07,-560713,560713
0,0,0,4.16402e+08,0,3.25545e+07,-538827,538827
0,0,0,4.16402e+08,0,3.2557e+07,-538752,538752
0,0,0,4.16402e+08,0,3.25595e+07,-538677,538677
0,0,0,4.16402e+08,0,3.2562e+07,-538602,538602
0,0,0,4.16402e+08,0,3.49907e+07,-466115,466115
0,0,0,4.16402e+08,0,3.49934e+07,-466034,466034
0,0,0,4.16402e+08,0,3.49961e+07,-465953,465953
0,0,0,4.16402e+08,0,3.49988e+07,-465872,465872
0,0,0,4.16402e+08,0,3.50015e+07,-465792,465792
0,0,0,4.16402e+08,0,3.36414e+07,-506413,506413
0,0,0,4.16402e+08,0,3.3644e+07,-506336,506336
0,0,0,4.16402e+08,0,3.36466e+07,-506258,506258
0,0,0,4.16402e+08,0,3.36492e+07,-506181,506181
0,0,0,4.16402e+08,0,3.24511e+07,-541974,541974
0,0,0,4.16402e+08,0,3.24537e+07,-541899,541899
0,0,0,4.16402e+08,0,3.24562e+07,-541825,541825
0,0,0,4.16402e+08,0,3.24587e+07,-541750,541750
0,0,0,4.16402e+08,0,2.968e+07,-624687,624687
0,0,0,4.16402e+08,0,2.96823e+07,-624619,624619
0,0,0,4.16402e+08,0,2.96846e+07,-624551,624551
0,0,0,4.16402e+08,0,2.96868e+07,-624483,624483
0,0,0,4.16402e+08,0,2.96891e+07,-624415,624415
0,0,0,4.16402e+08,0,3.05967e+07,-597350,597350
0,0,0,4.16402e+08,0,3.05988e+07,-597287,597287
0,0,0,4.16402e+08,0,3.0601e+07,-597224,597224
0,0,0,4.16402e+08,0,3.06031e+07,-597161,597161
0,0,0,4.16402e+08,0,3.37859e+07,-502198,502198
0,0,0,4.16402e+08,0,3.37883e+07,-502128,502128
0,0,0,4.16402e+08,0,3.37906e+07,-502058,502058
0,0,0,4.16402e+08,0,3.3793e+07,-501988,501988
0,0,0,4.16402e+08,0,2.94162e+07,-632547,632547
0,0,0,4.16402e+08,0,2.94182e+07,-632486,632486
0,0,0,4.16402e+08,0,2.94202e+07,-632426,632426
0,0,0,4.16402e+08,0,2.94223e+07,-632365,632365
0,0,0,4.16402e+08,0,2.94243e+07,-632305,632305
0,0,0,4.16402e+08,0,3.05111e+07,-599888,599888
0,0,0,4.16402e+08,0,3.05132e+07,-599825,599825
0,0,0,4.16402e+08,0,3.05154e+07,-599762,599762
0,0,0,4.16402e+08,0,3.05175e+07,-599699,599699
0,0,0,4.16402e+08,0,3.00969e+07,-612242,612242
0,0,0,4.16402e+08,0,3.0099e+07,-612180,612180
0,0,0,4.16402e+08,0,3.01011e+07,-612118,612118
0,0,0,4.16402e+08,0,3.01032e+07,-612056,612056
0,0,0,4.16402e+08,0,3.15769e+07,-568095,568095
0,0,0,4.16402e+08,0,3.1579e+07,-568030,568030
0,0,0,4.16402e+08,0,3.15812e+07,-567965,567965
0,0,0,4.16402e+08,0,3.15834e+07,-567900,567900
0,0,0,4.16402e+08,0,3.15856e+07,-567834,567834
0,0,0,4.16402e+08,0,3.19344e+07,-557320,557320
0,0,0,4.16402e+08,0,3.19367e+07,-557255,557255
0,0,0,4.16402e+08,0,3.19389e+07,-557188,557188
0,0,0,4.16402e+08,0,3.19411e+07,-557122,557122
0,0,0,4.16402e+08,0,3.26775e+07,-535157,535157
0,0,0,4.16402e+08,0,3.26798e+07,-535089,535089
0,0,0,4.16402e+08,0,3.26821e+07,-535022,535022
0,0,0,4.16402e+08,0,3.26843e+07,-534954,534954
0,0,0,4.16402e+08,0,3.51222e+07,-462192,462192
0,0,0,4.16402e+08,0,3.51246e+07,-462119,462119
0,0,0,4.16402e+08,0,3.51271e+07,-462046,462046
0,0,0,4.16402e+08,0,3.51295e+07,-461973,461973
0,0,0,4.16402e+08,0,3.5132e+07,-461900,461900
0,0,0,4.16402e+08,0,3.37663e+07,-502687,502687
0,0,0,4.16402e+08,0,3.37687e+07,-502617,502617
0,0,0,4.16402e+08,0,3.3771e+07,-502547,502547
0,0,0,4.16402e+08,0,3.37734e+07,-502477,502477
0,0,0,4.16402e+08,0,3.25705e+07,-538416,538416
0,0,0,4.16402e+08,0,3.25727e+07,-538348,538348
0,0,0,4.16402e+08,0,3.2575e+07,-538281,538281
0,0,0,4.16402e+08,0,3.25773e+07,-538214,538214
0,0,0,4.16402e+08,0,2.97878e+07,-621474,621474
0,0,0,4.16402e+08,0,2.97898e+07,-621412,621412
0,0,0,4.16402e+08,0,2.97919e+07,-621351,621351
0,0,0,4.16402e+08,0,2.9794e+07,-621289,621289
0,0,0,4.16402e+08,0,2.9796e+07,-621228,621228
0,0,0,4.16402e+08,0,3.07068e+07,-594068,594068
0,0,0,4.16402e+08,0,3.07087e+07,-594012,594012
0,0,0,4.16402e+08,0,3.07106e+07,-593956,593956
0,0,0,4.16402e+08,0,3.07125e+07,-593900,593900
0,0,0,4.16402e+08,0,3.39069e+07,-498591,498591
0,0,0,4.16402e+08,0,3.3909e+07,-498528,498528
0,0,0,4.16402e+08,0,3.39111e+07,-498466,498466
0,0,0,4.16402e+08,0,3.39132e+07,-498404,498404
0,0,0,4.16402e+08,0,2.952e+07,-629452,629452
0,0,0,4.16402e+08,0,2.95218e+07,-629398,629398
0,0,0,4.16402e+08,0,2.95236e+07,-629344,629344
0,0,0,4.16402e+08,0,2.95254e+07,-629290,629290
0,0,0,4.16402e+08,0,2.95272e+07,-629236,629236
0,0,0,4.16402e+08,0,3.06178e+07,-596708,596708
0,0,0,4.16402e+08,0,3.06197e+07,-596652,596652
0,0,0,4.16402e+08,0,3.06215e+07,-596596,596596
0,0,0,4.16402e+08,0,3.06234e+07,-596540,596540
0,0,0,4.16402e+08,0,3.02011e+07,-609136,609136
0,0,0,4.16402e+08,0,3.0203e+07,-609080,609080
0,0,0,4.16402e+08,0,3.02048e+07,-609025,609025
0,0,0,4.16402e+08,0,3.02067e+07,-608970,608970
0,0,0,4.16402e+08,0,3.16854e+07,-564858,564858
0,0,0,4.16402e+08,0,3.16874e+07,-564800,564800
0,0,0,4.16402e+08,0,3.16893e+07,-564742,564742
0,0,0,4.16402e+08,0,3.16913e+07,-564684,564684
0,0,0,4.16402e+08,0,3.16932e+07,-564626,564626
0,0,0,4.16402e+08,0,3.2043e+07,-554082,554082
0,0,0,4.16402e+08,0,3.2045e+07,-554024,554024
0,0,0,4.16402e+08,0,3.2047e+07,-553965,553965
0,0,0,4.16402e+08,0,3.20489e+07,-553906,553906
0,0,0,4.16402e+08,0,3.27877e+07,-531871,531871
0,0,0,4.16402e+08,0,3.27897e+07,-531811,531811
0,0,0,4.16402e+08,0,3.27917e+07,-531751,531751
0,0,0,4.16402e+08,0,3.27938e+07,-531690,531690
0,0,0,4.16402e+08,0,3.52399e+07,-458683,458683
0,0,0,4.16402e+08,0,3.5242e+07,-458618,458618
0,0,0,4.16402e+08,0,3.52442e+07,-458553,458553
0,0,0,4.16402e+08,0,3.52464e+07,-458488,458488
0,0,0,4.16402e+08,0,3.52486e+07,-458423,458423
0,0,0,4.16402e+08,0,3.3878e+07,-499359,499359
0,0,0,4.16402e+08,0,3.38801e+07,-499296,499296
0,0,0,4.16402e+08,0,3.38821e+07,-499234,499234
0,0,0,4.16402e+08,0,3.38842e+07,-499172,499172
0,0,0,4.16402e+08,0,3.2677e+07,-535240,535240
0,0,0,4.16402e+08,0,3.2679e+07,-535180,535180
0,0,0,4.16402e+08,0,3.2681e+07,-535120,535120
0,0,0,4.16402e+08,0,3.2683e+07,-535060,535060
0,0,0,4.16402e+08,0,2.98839e+07,-618608,618608
0,0,0,4.16402e+08,0,2.98857e+07,-618554,618554
0,0,0,4.16402e+08,0,2.98875e+07,-618499,618499
0,0,0,4.16402e+08,0,2.98894e+07,-618444,618444
0,0,0,4.16402e+08,0,2.98912e+07,-618390,618390
0,0,0,4.16402e+08,0,2.98912e+07,-618390,618390
0,0,0,4.16402e+08,0,3.08048e+07,-591146,591146
0,0,0,4.16402e+08,0,3.08064e+07,-591097,591097
0,0,0,4.16402e+08,0,3.08081e+07,-591048,591048
0,0,0,4.16402e+08,0,3.08098e+07,-590998,590998
0,0,0,4.16402e+08,0,3.40145e+07,-495382,495382
0,0,0,4.16402e+08,0,3.40163e+07,-495328,495328
0,0,0,4.16402e+08,0,3.40182e+07,-495273,495273
0,0,0,4.16402e+08,0,3.402e+07,-495218,495218
0,0,0,4.16402e+08,0,2.96122e+07,-626703,626703
0,0,0,4.16402e+08,0,2.96138e+07,-626655,626655
0,0,0,4.16402e+08,0,2.96154e+07,-626608,626608
0,0,0,4.16402e+08,0,2.96169e+07,-626561,626561
0,0,0,4.16402e+08,0,2.96185e+07,-626513,626513
0,0,0,4.16402e+08,0,3.07124e+07,-593887,593887
0,0,0,4.16402e+08,0,3.0714e+07,-593838,593838
0,0,0,4.16402e+08,0,3.07157e+07,-593789,593789
0,0,0,4.16402e+08,0,3.07173e+07,-593740,593740
0,0,0,4.16402e+08,0,3.02934e+07,-606383,606383
0,0,0,4.16402e+08,0,3.02951e+07,-606334,606334
0,0,0,4.16402e+08,0,3.02967e+07,-606286,606286
0,0,0,4.16402e+08,0,3.02983e+07,-606237,606237
0,0,0,4.16402e+08,0,3.17815e+07,-561993,561993
0,0,0,4.16402e+08,0,3.17832e+07,-561942,561942
0,0,0,4.16402e+08,0,3.17849e+07,-561891,561891
0,0,0,4.16402e+08,0,3.17866e+07,-561840,561840
0,0,0,4.16402e+08,0,3.17883e+07,-561790,561790
0,0,0,4.16402e+08,0,3.2139e+07,-551220,551220
0,0,0,4.16402e+08,0,3.21407e+07,-551169,551169
0,0,0,4.16402e+08,0,3.21425e+07,-551117,551117
0,0,0,4.16402e+08,0,3.21442e+07,-551066,551066
0,0,0,4.16402e+08,0,3.2885e+07,-528970,528970
0,0,0,4.16402e+08,0,3.28868e+07,-528917,528917
0,0,0,4.16402e+08,0,3.28885e+07,-528864,528864
0,0,0,4.16402e+08,0,3.28903e+07,-528812,528812
0,0,0,4.16402e+08,0,3.53436e+07,-455589,455589
0,0,0,4.16402e+08,0,3.53455e+07,-455532,455532
0,0,0,4.16402e+08,0,3.53474e+07,-455475,455475
0,0,0,4.16402e+08,0,3.53493e+07,-455418,455418
0,0,0,4.16402e+08,0,3.53512e+07,-455361,455361
0,0,0,4.16402e+08,0,3.39762e+07,-496428,496428
0,0,0,4.16402e+08,0,3.39781e+07,-496373,496373
0,0,0,4.16402e+08,0,3.39799e+07,-496319,496319
0,0,0,4.16402e+08,0,3.39817e+07,-496264,496264
0,0,0,4.16402e+08,0,3.27706e+07,-532448,532448
0,0,0,4.16402e+08,0,3.27724e+07,-532395,532395
0,0,0,4.16402e+08,0,3.27741e+07,-532343,532343
0,0,0,4.16402e+08,0,3.27759e+07,-532290,532290
0,0,0,4.16402e+08,0,2.99683e+07,-616092,616092
0,0,0,4.16402e+08,0,2.99699e+07,-616044,616044
0,0,0,4.16402e+08,0,2.99715e+07,-615997,615997
0,0,0,4.16402e+08,0,2.99731e+07,-615949,615949
0,0,0,4.16402e+08,0,2.99747e+07,-615901,615901
0,0,0,4.16402e+08,0,3.08907e+07,-588585,588585
0,0,0,4.16402e+08,0,3.08921e+07,-588542,588542
0,0,0,4.16402e+08,0,3.08936e+07,-588500,588500
0,0,0,4.16402e+08,0,3.0895e+07,-588457,588457
0,0,0,4.16402e+08,0,3.41087e+07,-492573,492573
0,0,0,4.16402e+08,0,3.41103e+07,-492526,492526
0,0,0,4.16402e+08,0,3.41119e+07,-492479,492479
0,0,0,4.16402e+08,0,3.41135e+07,-492432,492432
0,0,0,4.16402e+08,0,2.96928e+07,-624298,624298
0,0,0,4.16402e+08,0,2.96942e+07,-624257,624257
0,0,0,4.16402e+08,0,2.96956e+07,-624217,624217
0,0,0,4.16402e+08,0,2.96969e+07,-624176,624176
0,0,0,4.16402e+08,0,2.96983e+07,-624135,624135
0,0,0,4.16402e+08,0,3.0795e+07,-591424,591424
0,0,0,4.16402e+08,0,3.07964e+07,-591382,591382
0,0,0,4.16402e+08,0,3.07978e+07,-591339,591339
0,0,0,4.16402e+08,0,3.07993e+07,-591297,591297
0,0,0,4.16402e+08,0,3.0374e+07,-603982,603982
0,0,0,4.16402e+08,0,3.03754e+07,-603940,603940
0,0,0,4.16402e+08,0,3.03768e+07,-603899,603899
0,0,0,4.16402e+08,0,3.03782e+07,-603857,603857
0,0,0,4.16402e+08,0,3.18652e+07,-559498,559498
0,0,0,4.16402e+08,0,3.18666e+07,-559454,559454
0,0,0,4.16402e+08,0,3.18681e+07,-559411,559411
0,0,0,4.16402e+08,0,3.18696e+07,-559367,559367
0,0,0,4.16402e+08,0,3.18711e+07,-559323,559323
0,0,0,4.16402e+08,0,3.22224e+07,-548732,548732
0,0,0,4.16402e+08,0,3.22239e+07,-548688,548688
0,0,0,4.16402e+08,0,3.22254e+07,-548643,548643
0,0,0,4.16402e+08,0,3.22269e+07,-548599,548599
0,0,0,4.16402e+08,0,3.29694e+07,-526452,526452
0,0,0,4.16402e+08,0,3.2971e+07,-526406,526406
0,0,0,4.16402e+08,0,3.29725e+07,-526361,526361
0,0,0,4.16402e+08,0,3.2974e+07,-526315,526315
0,0,0,4.16402e+08,0,3.54335e+07,-452906,452906
0,0,0,4.16402e+08,0,3.54352e+07,-452857,452857
0,0,0,4.16402e+08,0,3.54368e+07,-452808,452808
0,0,0,4.16402e+08,0,3.54385e+07,-452759,452759
0,0,0,4.16402e+08,0,3.54401e+07,-452710,452710
0,0,0,4.16402e+08,0,3.40613e+07,-493892,493892
0,0,0,4.16402e+08,0,3.40629e+07,-493845,493845
0,0,0,4.16402e+08,0,3.40644e+07,-493798,493798
0,0,0,4.16402e+08,0,3.4066e+07,-493751,493751
0,0,0,4.16402e+08,0,3.28515e+07,-530035,530035
0,0,0,4.16402e+08,0,3.2853e+07,-529990,529990
0,0,0,4.16402e+08,0,3.28545e+07,-529945,529945
0,0,0,4.16402e+08,0,3.28561e+07,-529899,529899
0,0,0,4.16402e+08,0,3.0041e+07,-613922,613922
0,0,0,4.16402e+08,0,3.00424e+07,-613881,613881
0,0,0,4.16402e+08,0,3.00438e+07,-613839,613839
0,0,0,4.16402e+08,0,3.00452e+07,-613798,613798
0,0,0,4.16402e+08,0,3.00466e+07,-613757,613757
0,0,0,4.16402e+08,0,3.09647e+07,-586380,586380
0,0,0,4.16402e+08,0,3.09659e+07,-586344,586344
0,0,0,4.16402e+08,0,3.09671e+07,-586308,586308
0,0,0,4.16402e+08,0,3.09682e+07,-586273,586273
0,0,0,4.16402e+08,0,3.41897e+07,-490159,490159
0,0,0,4.16402e+08,0,3.4191e+07,-490119,490119
0,0,0,4.16402e+08,0,3.41923e+07,-490080,490080
0,0,0,4.16402e+08,0,3.41937e+07,-490040,490040
0,0,0,4.16402e+08,0,2.9762e+07,-622236,622236
0,0,0,4.16402e+08,0,2.97631e+07,-622201,622201
0,0,0,4.16402e+08,0,2.97643e+07,-622167,622167
0,0,0,4.16402e+08,0,2.97654e+07,-622133,622133
0,0,0,4.16402e+08,0,2.97666e+07,-622099,622099
0,0,0,4.16402e+08,0,3.08657e+07,-589316,589316
0,0,0,4.16402e+08,0,3.08669e+07,-589281,589281
0,0,0,4.16402e+08,0,3.08681e+07,-589245,589245
0,0,0,4.16402e+08,0,3.08693e+07,-589209,589209
0,0,0,4.16402e+08,0,3.04427e+07,-601932,601932
0,0,0,4.16402e+08,0,3.04439e+07,-601896,601896
0,0,0,4.16402e+08,0,3.04451e+07,-601861,601861
0,0,0,4.16402e+08,0,3.04462e+07,-601826,601826
0,0,0,4.16402e+08,0,3.19365e+07,-557371,557371
0,0,0,4.16402e+08,0,3.19377e+07,-557335,557335
0,0,0,4.16402e+08,0,3.1939e+07,-557298,557298
0,0,0,4.16402e+08,0,3.19402e+07,-557261,557261
0,0,0,4.16402e+08,0,3.19414e+07,-557224,557224
0,0,0,4.16402e+08,0,3.22934e+07,-546616,546616
0,0,0,4.16402e+08,0,3.22946e+07,-546579,546579
0,0,0,4.16402e+08,0,3.22959e+07,-546542,546542
0,0,0,4.16402e+08,0,3.22971e+07,-546505,546505
0,0,0,4.16402e+08,0,3.30411e+07,-524314,524314
0,0,0,4.16402e+08,0,3.30424e+07,-524276,524276
0,0,0,4.16402e+08,0,3.30437e+07,-524238,524238
0,0,0,4.16402e+08,0,3.30449e+07,-524200,524200
0,0,0,4.16402e+08,0,3.55097e+07,-450635,450635
0,0,0,4.16402e+08,0,3.55111e+07,-450594,450594
0,0,0,4.16402e+08,0,3.55125e+07,-450553,450553
0,0,0,4.16402e+08,0,3.55138e+07,-450511,450511
0,0,0,4.16402e+08,0,3.55152e+07,-450470,450470
0,0,0,4.16402e+08,0,3.41331e+07,-491750,491750
0,0,0,4.16402e+08,0,3.41344e+07,-491711,491711
0,0,0,4.16402e+08,0,3.41357e+07,-491672,491672
0,0,0,4.16402e+08,0,3.41371e+07,-491632,491632
0,0,0,4.16402e+08,0,3.29197e+07,-528003,528003
0,0,0,4.16402e+08,0,3.29209e+07,-527965,527965
0,0,0,4.16402e+08,0,3.29222e+07,-527927,527927
0,0,0,4.16402e+08,0,3.29235e+07,-527889,527889
0,0,0,4.16402e+08,0,3.01022e+07,-612098,612098
0,0,0,4.16402e+08,0,3.01034e+07,-612063,612063
0,0,0,4.16402e+08,0,3.01046e+07,-612028,612028
0,0,0,4.16402e+08,0,3.01057e+07,-611994,611994
0,0,0,4.16402e+08,0,3.01069e+07,-611959,611959
0,0,0,4.16402e+08,0,3.10266e+07,-584531,584531
0,0,0,4.16402e+08,0,3.10276e+07,-584503,584503
0,0,0,4.16402e+08,0,3.10286e+07,-584474,584474
0,0,0,4.16402e+08,0,3.10295e+07,-584445,584445
0,0,0,4.16402e+08,0,3.42574e+07,-488141,488141
0,0,0,4.16402e+08,0,3.42584e+07,-488109,488109
0,0,0,4.16402e+08,0,3.42595e+07,-488077,488077
0,0,0,4.16402e+08,0,3.42606e+07,-488045,488045
0,0,0,4.16402e+08,0,2.98197e+07,-620516,620516
0,0,0,4.16402e+08,0,2.98206e+07,-620489,620489
0,0,0,4.16402e+08,0,2.98215e+07,-620461,620461
0,0,0,4.16402e+08,0,2.98224e+07,-620434,620434
0,0,0,4.16402e+08,0,2.98234e+07,-620406,620406
0,0,0,4.16402e+08,0,3.09244e+07,-587565,587565
0,0,0,4.16402e+08,0,3.09254e+07,-587537,587537
0,0,0,4.16402e+08,0,3.09263e+07,-587508,587508
0,0,0,4.16402e+08,0,3.09273e+07,-587479,587479
0,0,0,4.16402e+08,0,3.04997e+07,-600233,600233
0,0,0,4.16402e+08,0,3.05006e+07,-600205,600205
0,0,0,4.16402e+08,0,3.05016e+07,-600177,600177
0,0,0,4.16402e+08,0,3.05025e+07,-600149,600149
0,0,0,4.16402e+08,0,3.19954e+07,-555615,555615
0,0,0,4.16402e+08,0,3.19964e+07,-555585,555585
0,0,0,4.16402e+08,0,3.19974e+07,-555556,555556
0,0,0,4.16402e+08,0,3.19984e+07,-555526,555526
0,0,0,4.16402e+08,0,3.19994e+07,-555497,555497
0,0,0,4.16402e+08,0,3.23517e+07,-544876,544876
0,0,0,4.16402e+08,0,3.23527e+07,-544846,544846
0,0,0,4.16402e+08,0,3.23537e+07,-544816,544816
0,0,0,4.16402e+08,0,3.23547e+07,-544786,544786
0,0,0,4.16402e+08,0,3.30998e+07,-522562,522562
0,0,0,4.16402e+08,0,3.31009e+07,-522532,522532
0,0,0,4.16402e+08,0,3.31019e+07,-522501,522501
0,0,0,4.16402e+08,0,3.31029e+07,-522470,522470
0,0,0,4.16402e+08,0,3.55719e+07,-448779,448779
0,0,0,4.16402e+08,0,3.5573e+07,-448746,448746
0,0,0,4.16402e+08,0,3.55741e+07,-448713,448713
0,0,0,4.16402e+08,0,3.55753e+07,-448680,448680
0,0,0,4.16402e+08,0,3.55764e+07,-448647,448647
0,0,0,4.16402e+08,0,3.41915e+07,-490008,490008
0,0,0,4.16402e+08,0,3.41926e+07,-489977,489977
0,0,0,4.16402e+08,0,3.41936e+07,-489945,489945
0,0,0,4.16402e+08,0,3.41947e+07,-489913,489913
0,0,0,4.16402e+08,0,3.29749e+07,-526355,526355
0,0,0,4.16402e+08,0,3.2976e+07,-526324,526324
0,0,0,4.16402e+08,0,3.2977e+07,-526294,526294
0,0,0,4.16402e+08,0,3.2978e+07,-526263,526263
0,0,0,4.16402e+08,0,3.01517e+07,-610624,610624
0,0,0,4.16402e+08,0,3.01526e+07,-610596,610596
0,0,0,4.16402e+08,0,3.01535e+07,-610568,610568
0,0,0,4.16402e+08,0,3.01545e+07,-610541,610541
0,0,0,4.16402e+08,0,3.01554e+07,-610513,610513
0,0,0,4.16402e+08,0,3.10765e+07,-583046,583046
0,0,0,4.16402e+08,0,3.10772e+07,-583024,583024
0,0,0,4.16402e+08,0,3.10779e+07,-583002,583002
0,0,0,4.16402e+08,0,3.10786e+07,-582981,582981
0,0,0,4.16402e+08,0,3.43116e+07,-486525,486525
0,0,0,4.16402e+08,0,3.43124e+07,-486501,486501
0,0,0,4.16402e+08,0,3.43132e+07,-486477,486477
0,0,0,4.16402e+08,0,3.4314e+07,-486453,486453
0,0,0,4.16402e+08,0,2.98656e+07,-619145,619145
0,0,0,4.16402e+08,0,2.98663e+07,-619124,619124
0,0,0,4.16402e+08,0,2.9867e+07,-619103,619103
0,0,0,4.16402e+08,0,2.98677e+07,-619083,619083
0,0,0,4.16402e+08,0,2.98684e+07,-619062,619062
0,0,0,4.16402e+08,0,3.0971e+07,-586176,586176
0,0,0,4.16402e+08,0,3.09717e+07,-586154,586154
0,0,0,4.16402e+08,0,3.09724e+07,-586133,586133
0,0,0,4.16402e+08,0,3.09732e+07,-586111,586111
0,0,0,4.16402e+08,0,3.05447e+07,-598892,598892
0,0,0,4.16402e+08,0,3.05454e+07,-598870,598870
0,0,0,4.16402e+08,0,3.05461e+07,-598849,598849
0,0,0,4.16402e+08,0,3.05468e+07,-598828,598828
0,0,0,4.16402e+08,0,3.20417e+07,-554234,554234
0,0,0,4.16402e+08,0,3.20425e+07,-554211,554211
0,0,0,4.16402e+08,0,3.20432e+07,-554189,554189
0,0,0,4.16402e+08,0,3.2044e+07,-554167,554167
0,0,0,4.16402e+08,0,3.20447e+07,-554144,554144
0,0,0,4.16402e+08,0,3.23974e+07,-543516,543516
0,0,0,4.16402e+08,0,3.23981e+07,-543493,543493
0,0,0,4.16402e+08,0,3.23989e+07,-543470,543470
0,0,0,4.16402e+08,0,3.23996e+07,-543448,543448
0,0,0,4.16402e+08,0,3.31456e+07,-521199,521199
0,0,0,4.16402e+08,0,3.31463e+07,-521176,521176
0,0,0,4.16402e+08,0,3.31471e+07,-521153,521153
0,0,0,4.16402e+08,0,3.31479e+07,-521130,521130
0,0,0,4.16402e+08,0,3.56201e+07,-447342,447342
0,0,0,4.16402e+08,0,3.56209e+07,-447317,447317
0,0,0,4.16402e+08,0,3.56218e+07,-447292,447292
0,0,0,4.16402e+08,0,3.56226e+07,-447267,447267
0,0,0,4.16402e+08,0,3.56235e+07,-447242,447242
0,0,0,4.16402e+08,0,3.42364e+07,-488668,488668
0,0,0,4.16402e+08,0,3.42372e+07,-488644,488644
0,0,0,4.16402e+08,0,3.4238e+07,-488620,488620
0,0,0,4.16402e+08,0,3.42389e+07,-488596,488596
0,0,0,4.16402e+08,0,3.30172e+07,-525095,525095
0,0,0,4.16402e+08,0,3.3018e+07,-525072,525072
0,0,0,4.16402e+08,0,3.30187e+07,-525048,525048
0,0,0,4.16402e+08,0,3.30195e+07,-525025,525025
0,0,0,4.16402e+08,0,3.01892e+07,-609503,609503
0,0,0,4.16402e+08,0,3.01899e+07,-609482,609482
0,0,0,4.16402e+08,0,3.01906e+07,-609461,609461
0,0,0,4.16402e+08,0,3.01914e+07,-609440,609440
0,0,0,4.16402e+08,0,3.01921e+07,-609419,609419
0,0,0,4.16402e+08,0,3.11141e+07,-581924,581924
0,0,0,4.16402e+08,0,3.11146e+07,-581910,581910
0,0,0,4.16402e+08,0,3.11151e+07,-581895,581895
0,0,0,4.16402e+08,0,3.11156e+07,-581880,581880
0,0,0,4.16402e+08,0,3.43522e+07,-485313,485313
0,0,0,4.16402e+08,0,3.43528e+07,-485296,485296
0,0,0,4.16402e+08,0,3.43533e+07,-485280,485280
0,0,0,4.16402e+08,0,3.43539e+07,-485264,485264
0,0,0,4.16402e+08,0,2.98999e+07,-618123,618123
0,0,0,4.16402e+08,0,2.99004e+07,-618109,618109
0,0,0,4.16402e+08,0,2.99009e+07,-618094,618094
0,0,0,4.16402e+08,0,2.99014e+07,-618080,618080
0,0,0,4.16402e+08,0,2.99018e+07,-618066,618066
0,0,0,4.16402e+08,0,3.10054e+07,-585149,585149
0,0,0,4.16402e+08,0,3.10059e+07,-585134,585134
0,0,0,4.16402e+08,0,3.10064e+07,-585119,585119
0,0,0,4.16402e+08,0,3.10069e+07,-585105,585105
0,0,0,4.16402e+08,0,3.05777e+07,-597907,597907
0,0,0,4.16402e+08,0,3.05782e+07,-597892,597892
0,0,0,4.16402e+08,0,3.05787e+07,-597878,597878
0,0,0,4.16402e+08,0,3.05792e+07,-597863,597863
0,0,0,4.16402e+08,0,3.20755e+07,-553227,553227
0,0,0,4.16402e+08,0,3.2076e+07,-553212,553212
0,0,0,4.16402e+08,0,3.20765e+07,-553197,553197
0,0,0,4.16402e+08,0,3.2077e+07,-553182,553182
0,0,0,4.16402e+08,0,3.20775e+07,-553166,553166
0,0,0,4.16402e+08,0,3.24303e+07,-542534,542534
0,0,0,4.16402e+08,0,3.24308e+07,-542518,542518
0,0,0,4.16402e+08,0,3.24313e+07,-542503,542503
0,0,0,4.16402e+08,0,3.24318e+07,-542487,542487
0,0,0,4.16402e+08,0,3.31783e+07,-520223,520223
0,0,0,4.16402e+08,0,3.31788e+07,-520208,520208
0,0,0,4.16402e+08,0,3.31793e+07,-520192,520192
0,0,0,4.16402e+08,0,3.31799e+07,-520176,520176
0,0,0,4.16402e+08,0,3.56543e+07,-446322,446322
0,0,0,4.16402e+08,0,3.56549e+07,-446305,446305
0,0,0,4.16402e+08,0,3.56554e+07,-446289,446289
0,0,0,4.16402e+08,0,3.5656e+07,-446271,446271
0,0,0,4.16402e+08,0,3.56566e+07,-446255,446255
0,0,0,4.16402e+08,0,3.4268e+07,-487728,487728
0,0,0,4.16402e+08,0,3.42685e+07,-487712,487712
0,0,0,4.16402e+08,0,3.4269e+07,-487696,487696
0,0,0,4.16402e+08,0,3.42696e+07,-487680,487680
0,0,0,4.16402e+08,0,3.30465e+07,-524219,524219
0,0,0,4.16402e+08,0,3.30471e+07,-524204,524204
0,0,0,4.16402e+08,0,3.30476e+07,-524188,524188
0,0,0,4.16402e+08,0,3.30481e+07,-524172,524172
0,0,0,4.16402e+08,0,3.02151e+07,-608733,608733
0,0,0,4.16402e+08,0,3.02155e+07,-608719,608719
0,0,0,4.16402e+08,0,3.0216e+07,-608705,608705
0,0,0,4.16402e+08,0,3.02165e+07,-608690,608690
0,0,0,4.16402e+08,0,3.0217e+07,-608676,608676
0,0,0,4.16402e+08,0,3.0217e+07,-608676,608676
0,0,0,4.16402e+08,0,3.11396e+07,-581164,581164
0,0,0,4.16402e+08,0,3.11398e+07,-581156,581156
0,0,0,4.16402e+08,0,3.11401e+07,-581149,581149
0,0,0,4.16402e+08,0,3.11404e+07,-581141,581141
0,0,0,4.16402e+08,0,3.43794e+07,-484500,484500
0,0,0,4.16402e+08,0,3.43797e+07,-484492,484492
0,0,0,4.16402e+08,0,3.438e+07,-484483,484483
0,0,0,4.16402e+08,0,3.43803e+07,-484474,484474
0,0,0,4.16402e+08,0,2.99226e+07,-617446,617446
0,0,0,4.16402e+08,0,2.99229e+07,-617439,617439
0,0,0,4.16402e+08,0,2.99231e+07,-617431,617431
0,0,0,4.16402e+08,0,2.99234e+07,-617424,617424
0,0,0,4.16402e+08,0,2.99236e+07,-617416,617416
0,0,0,4.16402e+08,0,3.10279e+07,-584480,584480
0,0,0,4.16402e+08,0,3.10281e+07,-584473,584473
0,0,0,4.16402e+08,0,3.10284e+07,-584465,584465
0,0,0,4.16402e+08,0,3.10286e+07,-584457,584457
0,0,0,4.16402e+08,0,3.05989e+07,-597275,597275
0,0,0,4.16402e+08,0,3.05992e+07,-597267,597267
0,0,0,4.16402e+08,0,3.05994e+07,-597259,597259
0,0,0,4.16402e+08,0,3.05997e+07,-597252,597252
0,0,0,4.16402e+08,0,3.20968e+07,-552591,552591
0,0,0,4.16402e+08,0,3.20971e+07,-552583,552583
0,0,0,4.16402e+08,0,3.20973e+07,-552575,552575
0,0,0,4.16402e+08,0,3.20976e+07,-552567,552567
0,0,0,4.16402e+08,0,3.20979e+07,-552559,552559
0,0,0,4.16402e+08,0,3.24506e+07,-541926,541926
0,0,0,4.16402e+08,0,3.24509e+07,-541918,541918
0,0,0,4.16402e+08,0,3.24512e+07,-541910,541910
0,0,0,4.16402e+08,0,3.24515e+07,-541902,541902
0,0,0,4.16402e+08,0,3.31982e+07,-519631,519631
0,0,0,4.16402e+08,0,3.31984e+07,-519622,519622
0,0,0,4.16402e+08,0,3.31987e+07,-519614,519614
0,0,0,4.16402e+08,0,3.3199e+07,-519606,519606
0,0,0,4.16402e+08,0,3.56746e+07,-445716,445716
0,0,0,4.16402e+08,0,3.56749e+07,-445707,445707
0,0,0,4.16402e+08,0,3.56753e+07,-445697,445697
0,0,0,4.16402e+08,0,3.56756e+07,-445688,445688
0,0,0,4.16402e+08,0,3.56759e+07,-445679,445679
0,0,0,4.16402e+08,0,3.42862e+07,-487184,487184
0,0,0,4.16402e+08,0,3.42865e+07,-487175,487175
0,0,0,4.16402e+08,0,3.42868e+07,-487167,487167
0,0,0,4.16402e+08,0,3.42871e+07,-487158,487158
0,0,0,4.16402e+08,0,3.30631e+07,-523724,523724
0,0,0,4.16402e+08,0,3.30634e+07,-523716,523716
0,0,0,4.16402e+08,0,3.30637e+07,-523708,523708
0,0,0,4.16402e+08,0,3.3064e+07,-523699,523699
0,0,0,4.16402e+08,0,3.02293e+07,-608309,608309
0,0,0,4.16402e+08,0,3.02296e+07,-608301,608301
0,0,0,4.16402e+08,0,3.02298e+07,-608294,608294
0,0,0,4.16402e+08,0,3.02301e+07,-608286,608286
0,0,0,4.16402e+08,0,3.02303e+07,-608278,608278
0,0,0,4.16402e+08,0,3.11531e+07,-580761,580761
0,0,0,4.16402e+08,0,3.11531e+07,-580760,580760
0,0,0,4.16402e+08,0,3.11532e+07,-580759,580759
0,0,0,4.16402e+08,0,3.11532e+07,-580758,580758
0,0,0,4.16402e+08,0,3.43934e+07,-484083,484083
0,0,0,4.16402e+08,0,3.43935e+07,-484082,484082
0,0,0,4.16402e+08,0,3.43935e+07,-484081,484081
0,0,0,4.16402e+08,0,3.43935e+07,-484080,484080
0,0,0,4.16402e+08,0,2.99338e+07,-617112,617112
0,0,0,4.16402e+08,0,2.99339e+07,-617111,617111
0,0,0,4.16402e+08,0,2.99339e+07,-617110,617110
0,0,0,4.16402e+08,0,2.99339e+07,-617109,617109
0,0,0,4.16402e+08,0,2.9934e+07,-617108,617108
0,0,0,4.16402e+08,0,3.10384e+07,-584167,584167
0,0,0,4.16402e+08,0,3.10384e+07,-584166,584166
0,0,0,4.16402e+08,0,3.10384e+07,-584165,584165
0,0,0,4.16402e+08,0,3.10385e+07,-584164,584164
0,0,0,4.16402e+08,0,3.06084e+07,-596993,596993
0,0,0,4.16402e+08,0,3.06084e+07,-596992,596992
0,0,0,4.16402e+08,0,3.06084e+07,-596991,596991
0,0,0,4.16402e+08,0,3.06085e+07,-596990,596990
0,0,0,4.16402e+08,0,3.21058e+07,-552323,552323
0,0,0,4.16402e+08,0,3.21058e+07,-552322,552322
0,0,0,4.16402e+08,0,3.21059e+07,-552321,552321
0,0,0,4.16402e+08,0,3.21059e+07,-552320,552320
0,0,0,4.16402e+08,0,3.21059e+07,-552319,552319
0,0,0,4.16402e+08,0,3.24586e+07,-541690,541690
0,0,0,4.16402e+08,0,3.24586e+07,-541689,541689
0,0,0,4.16402e+08,0,3.24586e+07,-541688,541688
0,0,0,4.16402e+08,0,3.24587e+07,-541687,541687
0,0,0,4.16402e+08,0,3.32053e+07,-519419,519419
0,0,0,4.16402e+08,0,3.32053e+07,-519417,519417
0,0,0,4.16402e+08,0,3.32053e+07,-519416,519416
0,0,0,4.16402e+08,0,3.32054e+07,-519415,519415
0,0,0,4.16402e+08,0,3.56813e+07,-445518,445518
0,0,0,4.16402e+08,0,3.56813e+07,-445517,445517
0,0,0,4.16402e+08,0,3.56813e+07,-445516,445516
0,0,0,4.16402e+08,0,3.56814e+07,-445515,445515
0,0,0,4.16402e+08,0,3.56814e+07,-445513,445513
0,0,0,4.16402e+08,0,3.42913e+07,-487032,487032
0,0,0,4.16402e+08,0,3.42913e+07,-487031,487031
0,0,0,4.16402e+08,0,3.42914e+07,-487030,487030
0,0,0,4.16402e+08,0,3.42914e+07,-487029,487029
0,0,0,4.16402e+08,0,3.30671e+07,-523607,523607
0,0,0,4.16402e+08,0,3.30671e+07,-523606,523606
0,0,0,4.16402e+08,0,3.30671e+07,-523605,523605
0,0,0,4.16402e+08,0,3.30672e+07,-523604,523604
0,0,0,4.16402e+08,0,3.0232e+07,-608229,608229
0,0,0,4.16402e+08,0,3.0232e+07,-608228,608228
0,0,0,4.16402e+08,0,3.0232e+07,-608227,608227
0,0,0,4.16402e+08,0,3.02321e+07,-608226,608226
0,0,0,4.16402e+08,0,3.02321e+07,-608225,608225
0,0,0,4.16402e+08,0,3.11547e+07,-580712,580712
0,0,0,4.16402e+08,0,3.11545e+07,-580718,580718
0,0,0,4.16402e+08,0,3.11543e+07,-580724,580724
0,0,0,4.16402e+08,0,3.11541e+07,-580730,580730
0,0,0,4.16402e+08,0,3.43942e+07,-484060,484060
0,0,0,4.16402e+08,0,3.4394e+07,-484066,484066
0,0,0,4.16402e+08,0,3.43938e+07,-484073,484073
0,0,0,4.16402e+08,0,3.43936e+07,-484079,484079
0,0,0,4.16402e+08,0,2.99336e+07,-617118,617118
0,0,0,4.16402e+08,0,2.99335e+07,-617123,617123
0,0,0,4.16402e+08,0,2.99333e+07,-617129,617129
0,0,0,4.16402e+08,0,2.99331e+07,-617134,617134
0,0,0,4.16402e+08,0,2.99329e+07,-617140,617140
0,0,0,4.16402e+08,0,3.1037e+07,-584207,584207
0,0,0,4.16402e+08,0,3.10368e+07,-584213,584213
0,0,0,4.16402e+08,0,3.10366e+07,-584219,584219
0,0,0,4.16402e+08,0,3.10364e+07,-584224,584224
0,0,0,4.16402e+08,0,3.06061e+07,-597059,597059
0,0,0,4.16402e+08,0,3.06059e+07,-597065,597065
0,0,0,4.16402e+08,0,3.06058e+07,-597070,597070
0,0,0,4.16402e+08,0,3.06056e+07,-597076,597076
0,0,0,4.16402e+08,0,3.21025e+07,-552421,552421
0,0,0,4.16402e+08,0,3.21023e+07,-552427,552427
0,0,0,4.16402e+08,0,3.21021e+07,-552433,552433
0,0,0,4.16402e+08,0,3.21019e+07,-552439,552439
0,0,0,4.16402e+08,0,3.21017e+07,-552445,552445
0,0,0,4.16402e+08,0,3.2454e+07,-541825,541825
0,0,0,4.16402e+08,0,3.24538e+07,-541831,541831
0,0,0,4.16402e+08,0,3.24536e+07,-541837,541837
0,0,0,4.16402e+08,0,3.24534e+07,-541843,541843
0,0,0,4.16402e+08,0,3.31997e+07,-519586,519586
0,0,0,4.16402e+08,0,3.31995e+07,-519592,519592
0,0,0,4.16402e+08,0,3.31993e+07,-519598,519598
0,0,0,4.16402e+08,0,3.3199e+07,-519604,519604
0,0,0,4.16402e+08,0,3.56742e+07,-445730,445730
0,0,0,4.16402e+08,0,3.56739e+07,-445736,445736
0,0,0,4.16402e+08,0,3.56737e+07,-445743,445743
0,0,0,4.16402e+08,0,3.56735e+07,-445750,445750
0,0,0,4.16402e+08,0,3.56733e+07,-445756,445756
0,0,0,4.16402e+08,0,3.42832e+07,-487273,487273
0,0,0,4.16402e+08,0,3.4283e+07,-487279,487279
0,0,0,4.16402e+08,0,3.42828e+07,-487286,487286
0,0,0,4.16402e+08,0,3.42826e+07,-487292,487292
0,0,0,4.16402e+08,0,3.30583e+07,-523868,523868
0,0,0,4.16402e+08,0,3.30581e+07,-523874,523874
0,0,0,4.16402e+08,0,3.30579e+07,-523880,523880
0,0,0,4.16402e+08,0,3.30577e+07,-523886,523886
0,0,0,4.16402e+08,0,3.02231e+07,-608493,608493
0,0,0,4.16402e+08,0,3.02229e+07,-608498,608498
0,0,0,4.16402e+08,0,3.02228e+07,-608504,608504
0,0,0,4.16402e+08,0,3.02226e+07,-608510,608510
0,0,0,4.16402e+08,0,3.02224e+07,-608515,608515
0,0,0,4.16402e+08,0,3.11444e+07,-581019,581019
0,0,0,4.16402e+08,0,3.1144e+07,-581031,581031
0,0,0,4.16402e+08,0,3.11436e+07,-581044,581044
0,0,0,4.16402e+08,0,3.11432e+07,-581056,581056
0,0,0,4.16402e+08,0,3.43818e+07,-484430,484430
0,0,0,4.16402e+08,0,3.43814e+07,-484444,484444
0,0,0,4.16402e+08,0,3.43809e+07,-484457,484457
0,0,0,4.16402e+08,0,3.43804e+07,-484471,484471
0,0,0,4.16402e+08,0,2.9922e+07,-617463,617463
0,0,0,4.16402e+08,0,2.99216e+07,-617475,617475
0,0,0,4.16402e+08,0,2.99212e+07,-617487,617487
0,0,0,4.16402e+08,0,2.99208e+07,-617499,617499
0,0,0,4.16402e+08,0,2.99204e+07,-617511,617511
0,0,0,4.16402e+08,0,3.10239e+07,-584600,584600
0,0,0,4.16402e+08,0,3.10234e+07,-584612,584612
0,0,0,4.16402e+08,0,3.1023e+07,-584625,584625
0,0,0,4.16402e+08,0,3.10226e+07,-584637,584637
0,0,0,4.16402e+08,0,3.05923e+07,-597473,597473
0,0,0,4.16402e+08,0,3.05918e+07,-597485,597485
0,0,0,4.16402e+08,0,3.05914e+07,-597497,597497
0,0,0,4.16402e+08,0,3.0591e+07,-597510,597510
0,0,0,4.16402e+08,0,3.2087e+07,-552884,552884
0,0,0,4.16402e+08,0,3.20866e+07,-552897,552897
0,0,0,4.16402e+08,0,3.20861e+07,-552910,552910
0,0,0,4.16402e+08,0,3.20857e+07,-552923,552923
0,0,0,4.16402e+08,0,3.20853e+07,-552935,552935
0,0,0,4.16402e+08,0,3.24372e+07,-542329,542329
0,0,0,4.16402e+08,0,3.24367e+07,-542342,542342
0,0,0,4.16402e+08,0,3.24363e+07,-542355,542355
0,0,0,4.16402e+08,0,3.24358e+07,-542368,542368
0,0,0,4.16402e+08,0,3.31814e+07,-520130,520130
0,0,0,4.16402e+08,0,3.3181e+07,-520143,520143
0,0,0,4.16402e+08,0,3.31805e+07,-520157,520157
0,0,0,4.16402e+08,0,3.31801e+07,-520170,520170
0,0,0,4.16402e+08,0,3.56535e+07,-446348,446348
0,0,0,4.16402e+08,0,3.5653e+07,-446362,446362
0,0,0,4.16402e+08,0,3.56525e+07,-446376,446376
0,0,0,4.16402e+08,0,3.5652e+07,-446391,446391
0,0,0,4.16402e+08,0,3.56515e+07,-446405,446405
0,0,0,4.16402e+08,0,3.42621e+07,-487903,487903
0,0,0,4.16402e+08,0,3.42616e+07,-487917,487917
0,0,0,4.16402e+08,0,3.42612e+07,-487931,487931
0,0,0,4.16402e+08,0,3.42607e+07,-487945,487945
0,0,0,4.16402e+08,0,3.3037e+07,-524504,524504
0,0,0,4.16402e+08,0,3.30366e+07,-524517,524517
0,0,0,4.16402e+08,0,3.30361e+07,-524530,524530
