0cont_fund,0ins_pout,0ins_price,0infra_npv,0debt_serv,0gross_rev,0cont_contrib,0drought_cost,0water_price
0,0,0,0,2.90858e-33,2.15215e+07,0,0,1.38074e+07
0,0,0,0,0,2.15265e+07,0,0,1.38074e+07
0,0,0,0,0,2.15315e+07,0,0,1.38074e+07
0,0,0,0,0,2.15365e+07,0,0,1.38074e+07
0,0,0,0,0,2.38521e+07,0,0,1.38074e+07
0,0,0,0,0,2.38576e+07,0,0,1.38074e+07
0,0,0,0,0,2.38632e+07,0,0,1.38074e+07
0,0,0,0,0,2.38687e+07,0,0,1.38074e+07
0,0,0,0,0,2.06792e+07,0,0,1.38074e+07
0,0,0,0,0,2.0684e+07,0,0,1.38074e+07
0,0,0,0,0,2.06888e+07,0,0,1.38074e+07
0,0,0,0,0,2.06936e+07,0,0,1.38074e+07
0,0,0,0,0,2.06984e+07,0,0,1.38074e+07
0,0,0,0,0,2.14967e+07,0,0,1.38074e+07
0,0,0,0,0,2.15017e+07,0,0,1.38074e+07
0,0,0,0,0,2.15067e+07,0,0,1.38074e+07
0,0,0,0,0,2.15117e+07,0,0,1.38074e+07
0,0,0,0,0,2.12072e+07,0,0,1.38074e+07
0,0,0,0,0,2.12121e+07,0,0,1.38074e+07
0,0,0,0,0,2.1217e+07,0,0,1.38074e+07
0,0,0,0,0,2.12219e+07,0,0,1.38074e+07
0,0,0,0,0,2.23022e+07,0,0,1.38074e+07
0,0,0,0,0,2.23074e+07,0,0,1.38074e+07
0,0,0,0,0,2.23126e+07,0,0,1.38074e+07
0,0,0,0,0,2.23177e+07,0,0,1.38074e+07
0,0,0,0,0,2.23229e+07,0,0,1.38074e+07
0,0,0,0,0,2.25327e+07,0,0,1.38074e+07
0,0,0,0,0,2.25379e+07,0,0,1.38074e+07
0,0,0,0,0,2.25431e+07,0,0,1.38074e+07
0,0,0,0,0,2.25484e+07,0,0,1.38074e+07
0,0,0,0,0,2.30923e+07,0,0,1.38074e+07
0,0,0,0,0,2.30976e+07,0,0,1.38074e+07
0,0,0,0,0,2.3103e+07,0,0,1.38074e+07
0,0,0,0,0,2.31083e+07,0,0,1.38074e+07
0,0,0,0,0,2.48793e+07,0,0,1.38074e+07
0,0,0,0,0,2.48851e+07,0,0,1.38074e+07
0,0,0,0,0,2.48908e+07,0,0,1.38074e+07
0,0,0,0,0,2.48966e+07,0,0,1.38074e+07
0,0,0,0,0,2.49024e+07,0,0,1.38074e+07
0,0,0,0,0,2.39282e+07,0,0,1.38074e+07
0,0,0,0,0,2.39338e+07,0,0,1.38074e+07
0,0,0,0,0,2.39393e+07,0,0,1.38074e+07
0,0,0,0,0,2.39449e+07,0,0,1.38074e+07
0,0,0,0,0,2.30915e+07,0,0,1.38074e+07
0,0,0,0,0,2.30969e+07,0,0,1.38074e+07
0,0,0,0,0,2.31022e+07,0,0,1.38074e+07
0,0,0,0,0,2.31076e+07,0,0,1.38074e+07
0,0,0,0,0,2.10865e+07,0,0,1.38074e+07
0,0,0,0,0,2.10914e+07,0,0,1.38074e+07
0,0,0,0,0,2.10963e+07,0,0,1.38074e+07
0,0,0,0,0,2.11012e+07,0,0,1.38074e+07
0,0,0,0,0,2.11061e+07,0,0,1.38074e+07
0,0,0,0,2.90858e-33,2.17826e+07,0,0,1.38074e+07
0,0,0,0,0,2.17875e+07,0,0,1.38074e+07
0,0,0,0,0,2.17924e+07,0,0,1.38074e+07
0,0,0,0,0,2.17973e+07,0,0,1.38074e+07
0,0,0,0,0,2.41408e+07,0,0,1.38074e+07
0,0,0,0,0,2.41462e+07,0,0,1.38074e+07
0,0,0,0,0,2.41516e+07,0,0,1.38074e+07
0,0,0,0,0,2.41571e+07,0,0,1.38074e+07
0,0,0,0,0,2.09289e+07,0,0,1.38074e+07
0,0,0,0,0,2.09336e+07,0,0,1.38074e+07
0,0,0,0,0,2.09383e+07,0,0,1.38074e+07
0,0,0,0,0,2.09431e+07,0,0,1.38074e+07
0,0,0,0,0,2.09478e+07,0,0,1.38074e+07
0,0,0,0,0,2.17555e+07,0,0,1.38074e+07
0,0,0,0,0,2.17604e+07,0,0,1.38074e+07
0,0,0,0,0,2.17653e+07,0,0,1.38074e+07
0,0,0,0,0,2.17702e+07,0,0,1.38074e+07
0,0,0,0,0,2.14619e+07,0,0,1.38074e+07
0,0,0,0,0,2.14667e+07,0,0,1.38074e+07
0,0,0,0,0,2.14716e+07,0,0,1.38074e+07
0,0,0,0,0,2.14764e+07,0,0,1.38074e+07
0,0,0,0,0,2.25695e+07,0,0,1.38074e+07
0,0,0,0,0,2.25745e+07,0,0,1.38074e+07
0,0,0,0,0,2.25796e+07,0,0,1.38074e+07
0,0,0,0,0,2.25847e+07,0,0,1.38074e+07
0,0,0,0,0,2.25898e+07,0,0,1.38074e+07
0,0,0,0,0,2.28019e+07,0,0,1.38074e+07
0,0,0,0,0,2.2807e+07,0,0,1.38074e+07
0,0,0,0,0,2.28122e+07,0,0,1.38074e+07
0,0,0,0,0,2.28173e+07,0,0,1.38074e+07
0,0,0,0,0,2.33675e+07,0,0,1.38074e+07
0,0,0,0,0,2.33728e+07,0,0,1.38074e+07
0,0,0,0,0,2.3378e+07,0,0,1.38074e+07
0,0,0,0,0,2.33833e+07,0,0,1.38074e+07
0,0,0,0,0,2.51752e+07,0,0,1.38074e+07
0,0,0,0,0,2.51808e+07,0,0,1.38074e+07
0,0,0,0,0,2.51865e+07,0,0,1.38074e+07
0,0,0,0,0,2.51922e+07,0,0,1.38074e+07
0,0,0,0,0,2.51978e+07,0,0,1.38074e+07
0,0,0,0,0,2.42119e+07,0,0,1.38074e+07
0,0,0,0,0,2.42174e+07,0,0,1.38074e+07
0,0,0,0,0,2.42228e+07,0,0,1.38074e+07
0,0,0,0,0,2.42283e+07,0,0,1.38074e+07
0,0,0,0,0,2.33647e+07,0,0,1.38074e+07
0,0,0,0,0,2.33699e+07,0,0,1.38074e+07
0,0,0,0,0,2.33752e+07,0,0,1.38074e+07
0,0,0,0,0,2.33804e+07,0,0,1.38074e+07
0,0,0,0,0,2.13354e+07,0,0,1.38074e+07
0,0,0,0,0,2.13402e+07,0,0,1.38074e+07
0,0,0,0,0,2.1345e+07,0,0,1.38074e+07
0,0,0,0,0,2.13498e+07,0,0,1.38074e+07
0,0,0,0,0,2.13546e+07,0,0,1.38074e+07
0,0,0,0,2.90858e-33,2.20389e+07,0,0,1.38074e+07
0,0,0,0,0,2.20437e+07,0,0,1.38074e+07
0,0,0,0,0,2.20485e+07,0,0,1.38074e+07
0,0,0,0,0,2.20533e+07,0,0,1.38074e+07
0,0,0,0,0,2.44241e+07,0,0,1.38074e+07
0,0,0,0,0,2.44294e+07,0,0,1.38074e+07
0,0,0,0,0,2.44347e+07,0,0,1.38074e+07
0,0,0,0,0,2.44401e+07,0,0,1.38074e+07
0,0,0,0,0,2.1174e+07,0,0,1.38074e+07
0,0,0,0,0,2.11786e+07,0,0,1.38074e+07
0,0,0,0,0,2.11832e+07,0,0,1.38074e+07
0,0,0,0,0,2.11878e+07,0,0,1.38074e+07
0,0,0,0,0,2.11924e+07,0,0,1.38074e+07
0,0,0,0,0,2.20094e+07,0,0,1.38074e+07
0,0,0,0,0,2.20142e+07,0,0,1.38074e+07
0,0,0,0,0,2.2019e+07,0,0,1.38074e+07
0,0,0,0,0,2.20238e+07,0,0,1.38074e+07
0,0,0,0,0,2.17118e+07,0,0,1.38074e+07
0,0,0,0,0,2.17165e+07,0,0,1.38074e+07
0,0,0,0,0,2.17212e+07,0,0,1.38074e+07
0,0,0,0,0,2.1726e+07,0,0,1.38074e+07
0,0,0,0,0,2.28316e+07,0,0,1.38074e+07
0,0,0,0,0,2.28365e+07,0,0,1.38074e+07
0,0,0,0,0,2.28415e+07,0,0,1.38074e+07
0,0,0,0,0,2.28465e+07,0,0,1.38074e+07
0,0,0,0,0,2.28515e+07,0,0,1.38074e+07
0,0,0,0,0,2.30659e+07,0,0,1.38074e+07
0,0,0,0,0,2.30709e+07,0,0,1.38074e+07
0,0,0,0,0,2.30759e+07,0,0,1.38074e+07
0,0,0,0,0,2.3081e+07,0,0,1.38074e+07
0,0,0,0,0,2.36374e+07,0,0,1.38074e+07
0,0,0,0,0,2.36425e+07,0,0,1.38074e+07
0,0,0,0,0,2.36477e+07,0,0,1.38074e+07
0,0,0,0,0,2.36528e+07,0,0,1.38074e+07
0,0,0,0,0,2.54651e+07,0,0,1.38074e+07
0,0,0,0,0,2.54707e+07,0,0,1.38074e+07
0,0,0,0,0,2.54763e+07,0,0,1.38074e+07
0,0,0,0,0,2.54818e+07,0,0,1.38074e+07
0,0,0,0,0,2.54874e+07,0,0,1.38074e+07
0,0,0,0,0,2.449e+07,0,0,1.38074e+07
0,0,0,0,0,2.44953e+07,0,0,1.38074e+07
0,0,0,0,0,2.45006e+07,0,0,1.38074e+07
0,0,0,0,0,2.4506e+07,0,0,1.38074e+07
0,0,0,0,0,2.36323e+07,0,0,1.38074e+07
0,0,0,0,0,2.36374e+07,0,0,1.38074e+07
0,0,0,0,0,2.36426e+07,0,0,1.38074e+07
0,0,0,0,0,2.36477e+07,0,0,1.38074e+07
0,0,0,0,0,2.15791e+07,0,0,1.38074e+07
0,0,0,0,0,2.15838e+07,0,0,1.38074e+07
0,0,0,0,0,2.15885e+07,0,0,1.38074e+07
0,0,0,0,0,2.15932e+07,0,0,1.38074e+07
0,0,0,0,0,2.15979e+07,0,0,1.38074e+07
0,0,0,0,2.90858e-33,2.22899e+07,0,0,1.38074e+07
0,0,0,0,0,2.22946e+07,0,0,1.38074e+07
0,0,0,0,0,2.22992e+07,0,0,1.38074e+07
0,0,0,0,0,2.23039e+07,0,0,1.38074e+07
0,0,0,0,0,2.47015e+07,0,0,1.38074e+07
0,0,0,0,0,2.47067e+07,0,0,1.38074e+07
0,0,0,0,0,2.47119e+07,0,0,1.38074e+07
0,0,0,0,0,2.47171e+07,0,0,1.38074e+07
0,0,0,0,0,2.14138e+07,0,0,1.38074e+07
0,0,0,0,0,2.14183e+07,0,0,1.38074e+07
0,0,0,0,0,2.14229e+07,0,0,1.38074e+07
0,0,0,0,0,2.14274e+07,0,0,1.38074e+07
0,0,0,0,0,2.14319e+07,0,0,1.38074e+07
0,0,0,0,0,2.2258e+07,0,0,1.38074e+07
0,0,0,0,0,2.22626e+07,0,0,1.38074e+07
0,0,0,0,0,2.22673e+07,0,0,1.38074e+07
0,0,0,0,0,2.2272e+07,0,0,1.38074e+07
0,0,0,0,0,2.19563e+07,0,0,1.38074e+07
0,0,0,0,0,2.19609e+07,0,0,1.38074e+07
0,0,0,0,0,2.19655e+07,0,0,1.38074e+07
0,0,0,0,0,2.19702e+07,0,0,1.38074e+07
0,0,0,0,0,2.3088e+07,0,0,1.38074e+07
0,0,0,0,0,2.30929e+07,0,0,1.38074e+07
0,0,0,0,0,2.30978e+07,0,0,1.38074e+07
0,0,0,0,0,2.31026e+07,0,0,1.38074e+07
0,0,0,0,0,2.31075e+07,0,0,1.38074e+07
0,0,0,0,0,2.33241e+07,0,0,1.38074e+07
0,0,0,0,0,2.3329e+07,0,0,1.38074e+07
0,0,0,0,0,2.33339e+07,0,0,1.38074e+07
0,0,0,0,0,2.33389e+07,0,0,1.38074e+07
0,0,0,0,0,2.39013e+07,0,0,1.38074e+07
0,0,0,0,0,2.39063e+07,0,0,1.38074e+07
0,0,0,0,0,2.39114e+07,0,0,1.38074e+07
0,0,0,0,0,2.39164e+07,0,0,1.38074e+07
0,0,0,0,0,2.57487e+07,0,0,1.38074e+07
0,0,0,0,0,2.57542e+07,0,0,1.38074e+07
0,0,0,0,0,2.57596e+07,0,0,1.38074e+07
0,0,0,0,0,2.5765e+07,0,0,1.38074e+07
0,0,0,0,0,2.57704e+07,0,0,1.38074e+07
0,0,0,0,0,2.47618e+07,0,0,1.38074e+07
0,0,0,0,0,2.4767e+07,0,0,1.38074e+07
0,0,0,0,0,2.47722e+07,0,0,1.38074e+07
0,0,0,0,0,2.47774e+07,0,0,1.38074e+07
0,0,0,0,0,2.38939e+07,0,0,1.38074e+07
0,0,0,0,0,2.38989e+07,0,0,1.38074e+07
0,0,0,0,0,2.39039e+07,0,0,1.38074e+07
0,0,0,0,0,2.3909e+07,0,0,1.38074e+07
0,0,0,0,0,2.18173e+07,0,0,1.38074e+07
0,0,0,0,0,2.18219e+07,0,0,1.38074e+07
0,0,0,0,0,2.18265e+07,0,0,1.38074e+07
0,0,0,0,0,2.18311e+07,0,0,1.38074e+07
0,0,0,0,0,2.18357e+07,0,0,1.38074e+07
0,0,0,0,2.90858e-33,2.25351e+07,0,0,1.38074e+07
0,0,0,0,0,2.25397e+07,0,0,1.38074e+07
0,0,0,0,0,2.25443e+07,0,0,1.38074e+07
0,0,0,0,0,2.25489e+07,0,0,1.38074e+07
0,0,0,0,0,2.49726e+07,0,0,1.38074e+07
0,0,0,0,0,2.49777e+07,0,0,1.38074e+07
0,0,0,0,0,2.49827e+07,0,0,1.38074e+07
0,0,0,0,0,2.49878e+07,0,0,1.38074e+07
0,0,0,0,0,2.16482e+07,0,0,1.38074e+07
0,0,0,0,0,2.16526e+07,0,0,1.38074e+07
0,0,0,0,0,2.1657e+07,0,0,1.38074e+07
0,0,0,0,0,2.16614e+07,0,0,1.38074e+07
0,0,0,0,0,2.16658e+07,0,0,1.38074e+07
0,0,0,0,0,2.25007e+07,0,0,1.38074e+07
0,0,0,0,0,2.25053e+07,0,0,1.38074e+07
0,0,0,0,0,2.25099e+07,0,0,1.38074e+07
0,0,0,0,0,2.25144e+07,0,0,1.38074e+07
0,0,0,0,0,2.21951e+07,0,0,1.38074e+07
0,0,0,0,0,2.21996e+07,0,0,1.38074e+07
0,0,0,0,0,2.22041e+07,0,0,1.38074e+07
0,0,0,0,0,2.22087e+07,0,0,1.38074e+07
0,0,0,0,0,2.33385e+07,0,0,1.38074e+07
0,0,0,0,0,2.33432e+07,0,0,1.38074e+07
0,0,0,0,0,2.3348e+07,0,0,1.38074e+07
0,0,0,0,0,2.33527e+07,0,0,1.38074e+07
0,0,0,0,0,2.33575e+07,0,0,1.38074e+07
0,0,0,0,0,2.35763e+07,0,0,1.38074e+07
0,0,0,0,0,2.35811e+07,0,0,1.38074e+07
0,0,0,0,0,2.35858e+07,0,0,1.38074e+07
0,0,0,0,0,2.35906e+07,0,0,1.38074e+07
0,0,0,0,0,2.4159e+07,0,0,1.38074e+07
0,0,0,0,0,2.41639e+07,0,0,1.38074e+07
0,0,0,0,0,2.41688e+07,0,0,1.38074e+07
0,0,0,0,0,2.41737e+07,0,0,1.38074e+07
0,0,0,0,0,2.60256e+07,0,0,1.38074e+07
0,0,0,0,0,2.60309e+07,0,0,1.38074e+07
0,0,0,0,0,2.60361e+07,0,0,1.38074e+07
0,0,0,0,0,2.60414e+07,0,0,1.38074e+07
0,0,0,0,0,2.60467e+07,0,0,1.38074e+07
0,0,0,0,0,2.50271e+07,0,0,1.38074e+07
0,0,0,0,0,2.50322e+07,0,0,1.38074e+07
0,0,0,0,0,2.50372e+07,0,0,1.38074e+07
0,0,0,0,0,2.50423e+07,0,0,1.38074e+07
0,0,0,0,0,2.41491e+07,0,0,1.38074e+07
0,0,0,0,0,2.41541e+07,0,0,1.38074e+07
0,0,0,0,0,2.4159e+07,0,0,1.38074e+07
0,0,0,0,0,2.41639e+07,0,0,1.38074e+07
0,0,0,0,0,2.20498e+07,0,0,1.38074e+07
0,0,0,0,0,2.20543e+07,0,0,1.38074e+07
0,0,0,0,0,2.20588e+07,0,0,1.38074e+07
0,0,0,0,0,2.20632e+07,0,0,1.38074e+07
0,0,0,0,0,2.20677e+07,0,0,1.38074e+07
0,0,0,0,0,2.27744e+07,0,0,1.38074e+07
0,0,0,0,2.90858e-33,2.27788e+07,0,0,1.38074e+07
0,0,0,0,0,2.27833e+07,0,0,1.38074e+07
0,0,0,0,0,2.27878e+07,0,0,1.38074e+07
0,0,0,0,0,2.5237e+07,0,0,1.38074e+07
0,0,0,0,0,2.52419e+07,0,0,1.38074e+07
0,0,0,0,0,2.52469e+07,0,0,1.38074e+07
0,0,0,0,0,2.52518e+07,0,0,1.38074e+07
0,0,0,0,0,2.18768e+07,0,0,1.38074e+07
0,0,0,0,0,2.1881e+07,0,0,1.38074e+07
0,0,0,0,0,2.18853e+07,0,0,1.38074e+07
0,0,0,0,0,2.18896e+07,0,0,1.38074e+07
0,0,0,0,0,2.18939e+07,0,0,1.38074e+07
0,0,0,0,0,2.27375e+07,0,0,1.38074e+07
0,0,0,0,0,2.27419e+07,0,0,1.38074e+07
0,0,0,0,0,2.27464e+07,0,0,1.38074e+07
0,0,0,0,0,2.27508e+07,0,0,1.38074e+07
0,0,0,0,0,2.2428e+07,0,0,1.38074e+07
0,0,0,0,0,2.24324e+07,0,0,1.38074e+07
0,0,0,0,0,2.24368e+07,0,0,1.38074e+07
0,0,0,0,0,2.24412e+07,0,0,1.38074e+07
0,0,0,0,0,2.35827e+07,0,0,1.38074e+07
0,0,0,0,0,2.35873e+07,0,0,1.38074e+07
0,0,0,0,0,2.35919e+07,0,0,1.38074e+07
0,0,0,0,0,2.35965e+07,0,0,1.38074e+07
0,0,0,0,0,2.36012e+07,0,0,1.38074e+07
0,0,0,0,0,2.38221e+07,0,0,1.38074e+07
0,0,0,0,0,2.38267e+07,0,0,1.38074e+07
0,0,0,0,0,2.38314e+07,0,0,1.38074e+07
0,0,0,0,0,2.38361e+07,0,0,1.38074e+07
0,0,0,0,0,2.44101e+07,0,0,1.38074e+07
0,0,0,0,0,2.44149e+07,0,0,1.38074e+07
0,0,0,0,0,2.44197e+07,0,0,1.38074e+07
0,0,0,0,0,2.44245e+07,0,0,1.38074e+07
0,0,0,0,0,2.62954e+07,0,0,1.38074e+07
0,0,0,0,0,2.63005e+07,0,0,1.38074e+07
0,0,0,0,0,2.63057e+07,0,0,1.38074e+07
0,0,0,0,0,2.63108e+07,0,0,1.38074e+07
0,0,0,0,0,2.6316e+07,0,0,1.38074e+07
0,0,0,0,0,2.52856e+07,0,0,1.38074e+07
0,0,0,0,0,2.52906e+07,0,0,1.38074e+07
0,0,0,0,0,2.52955e+07,0,0,1.38074e+07
0,0,0,0,0,2.53005e+07,0,0,1.38074e+07
0,0,0,0,0,2.43979e+07,0,0,1.38074e+07
0,0,0,0,0,2.44027e+07,0,0,1.38074e+07
0,0,0,0,0,2.44075e+07,0,0,1.38074e+07
0,0,0,0,0,2.44123e+07,0,0,1.38074e+07
0,0,0,0,0,2.22763e+07,0,0,1.38074e+07
0,0,0,0,0,2.22806e+07,0,0,1.38074e+07
0,0,0,0,0,2.2285e+07,0,0,1.38074e+07
0,0,0,0,0,2.22894e+07,0,0,1.38074e+07
0,0,0,0,0,2.22937e+07,0,0,1.38074e+07
0,0,0,0,0,2.22937e+07,0,0,1.38074e+07
0,0,0,0,2.90858e-33,2.30075e+07,0,0,1.38074e+07
0,0,0,0,0,2.30118e+07,0,0,1.38074e+07
0,0,0,0,0,2.30161e+07,0,0,1.38074e+07
0,0,0,0,0,2.30205e+07,0,0,1.38074e+07
0,0,0,0,0,2.54945e+07,0,0,1.38074e+07
0,0,0,0,0,2.54993e+07,0,0,1.38074e+07
0,0,0,0,0,2.55042e+07,0,0,1.38074e+07
0,0,0,0,0,2.5509e+07,0,0,1.38074e+07
0,0,0,0,0,2.20994e+07,0,0,1.38074e+07
0,0,0,0,0,2.21035e+07,0,0,1.38074e+07
0,0,0,0,0,2.21077e+07,0,0,1.38074e+07
0,0,0,0,0,2.21119e+07,0,0,1.38074e+07
0,0,0,0,0,2.2116e+07,0,0,1.38074e+07
0,0,0,0,0,2.2968e+07,0,0,1.38074e+07
0,0,0,0,0,2.29723e+07,0,0,1.38074e+07
0,0,0,0,0,2.29767e+07,0,0,1.38074e+07
0,0,0,0,0,2.2981e+07,0,0,1.38074e+07
0,0,0,0,0,2.26547e+07,0,0,1.38074e+07
0,0,0,0,0,2.2659e+07,0,0,1.38074e+07
0,0,0,0,0,2.26633e+07,0,0,1.38074e+07
0,0,0,0,0,2.26676e+07,0,0,1.38074e+07
0,0,0,0,0,2.38204e+07,0,0,1.38074e+07
0,0,0,0,0,2.38249e+07,0,0,1.38074e+07
0,0,0,0,0,2.38294e+07,0,0,1.38074e+07
0,0,0,0,0,2.38339e+07,0,0,1.38074e+07
0,0,0,0,0,2.38384e+07,0,0,1.38074e+07
0,0,0,0,0,2.40613e+07,0,0,1.38074e+07
0,0,0,0,0,2.40659e+07,0,0,1.38074e+07
0,0,0,0,0,2.40704e+07,0,0,1.38074e+07
0,0,0,0,0,2.40749e+07,0,0,1.38074e+07
0,0,0,0,0,2.46546e+07,0,0,1.38074e+07
0,0,0,0,0,2.46592e+07,0,0,1.38074e+07
0,0,0,0,0,2.46639e+07,0,0,1.38074e+07
0,0,0,0,0,2.46685e+07,0,0,1.38074e+07
0,0,0,0,0,2.65579e+07,0,0,1.38074e+07
0,0,0,0,0,2.65629e+07,0,0,1.38074e+07
0,0,0,0,0,2.65679e+07,0,0,1.38074e+07
0,0,0,0,0,2.65729e+07,0,0,1.38074e+07
0,0,0,0,0,2.6578e+07,0,0,1.38074e+07
0,0,0,0,0,2.55371e+07,0,0,1.38074e+07
0,0,0,0,0,2.5542e+07,0,0,1.38074e+07
0,0,0,0,0,2.55468e+07,0,0,1.38074e+07
0,0,0,0,0,2.55516e+07,0,0,1.38074e+07
0,0,0,0,0,2.46399e+07,0,0,1.38074e+07
0,0,0,0,0,2.46445e+07,0,0,1.38074e+07
0,0,0,0,0,2.46492e+07,0,0,1.38074e+07
0,0,0,0,0,2.46538e+07,0,0,1.38074e+07
0,0,0,0,0,2.24966e+07,0,0,1.38074e+07
0,0,0,0,0,2.25008e+07,0,0,1.38074e+07
0,0,0,0,0,2.2505e+07,0,0,1.38074e+07
0,0,0,0,0,2.25093e+07,0,0,1.38074e+07
0,0,0,0,0,2.25135e+07,0,0,1.38074e+07
0,0,0,0,2.90858e-33,2.32341e+07,0,0,1.38074e+07
0,0,0,0,0,2.32383e+07,0,0,1.38074e+07
0,0,0,0,0,2.32426e+07,0,0,1.38074e+07
0,0,0,0,0,2.32468e+07,0,0,1.38074e+07
0,0,0,0,0,2.57449e+07,0,0,1.38074e+07
0,0,0,0,0,2.57496e+07,0,0,1.38074e+07
0,0,0,0,0,2.57543e+07,0,0,1.38074e+07
0,0,0,0,0,2.5759e+07,0,0,1.38074e+07
0,0,0,0,0,2.23158e+07,0,0,1.38074e+07
0,0,0,0,0,2.23198e+07,0,0,1.38074e+07
0,0,0,0,0,2.23239e+07,0,0,1.38074e+07
0,0,0,0,0,2.23279e+07,0,0,1.38074e+07
0,0,0,0,0,2.2332e+07,0,0,1.38074e+07
0,0,0,0,0,2.31921e+07,0,0,1.38074e+07
0,0,0,0,0,2.31963e+07,0,0,1.38074e+07
0,0,0,0,0,2.32005e+07,0,0,1.38074e+07
0,0,0,0,0,2.32047e+07,0,0,1.38074e+07
0,0,0,0,0,2.28751e+07,0,0,1.38074e+07
0,0,0,0,0,2.28792e+07,0,0,1.38074e+07
0,0,0,0,0,2.28834e+07,0,0,1.38074e+07
0,0,0,0,0,2.28875e+07,0,0,1.38074e+07
0,0,0,0,0,2.40514e+07,0,0,1.38074e+07
0,0,0,0,0,2.40557e+07,0,0,1.38074e+07
0,0,0,0,0,2.40601e+07,0,0,1.38074e+07
0,0,0,0,0,2.40644e+07,0,0,1.38074e+07
0,0,0,0,0,2.40688e+07,0,0,1.38074e+07
0,0,0,0,0,2.42937e+07,0,0,1.38074e+07
0,0,0,0,0,2.42981e+07,0,0,1.38074e+07
0,0,0,0,0,2.43026e+07,0,0,1.38074e+07
0,0,0,0,0,2.4307e+07,0,0,1.38074e+07
0,0,0,0,0,2.4892e+07,0,0,1.38074e+07
0,0,0,0,0,2.48965e+07,0,0,1.38074e+07
0,0,0,0,0,2.4901e+07,0,0,1.38074e+07
0,0,0,0,0,2.49056e+07,0,0,1.38074e+07
0,0,0,0,0,2.68129e+07,0,0,1.38074e+07
0,0,0,0,0,2.68177e+07,0,0,1.38074e+07
0,0,0,0,0,2.68226e+07,0,0,1.38074e+07
0,0,0,0,0,2.68275e+07,0,0,1.38074e+07
0,0,0,0,0,2.68323e+07,0,0,1.38074e+07
0,0,0,0,0,2.57814e+07,0,0,1.38074e+07
0,0,0,0,0,2.5786e+07,0,0,1.38074e+07
0,0,0,0,0,2.57907e+07,0,0,1.38074e+07
0,0,0,0,0,2.57954e+07,0,0,1.38074e+07
0,0,0,0,0,2.48748e+07,0,0,1.38074e+07
0,0,0,0,0,2.48793e+07,0,0,1.38074e+07
0,0,0,0,0,2.48838e+07,0,0,1.38074e+07
0,0,0,0,0,2.48883e+07,0,0,1.38074e+07
0,0,0,0,0,2.27104e+07,0,0,1.38074e+07
0,0,0,0,0,2.27145e+07,0,0,1.38074e+07
0,0,0,0,0,2.27186e+07,0,0,1.38074e+07
0,0,0,0,0,2.27227e+07,0,0,1.38074e+07
0,0,0,0,0,2.27269e+07,0,0,1.38074e+07
0,0,0,0,2.90858e-33,2.34541e+07,0,0,1.38074e+07
0,0,0,0,0,2.34582e+07,0,0,1.38074e+07
0,0,0,0,0,2.34623e+07,0,0,1.38074e+07
0,0,0,0,0,2.34663e+07,0,0,1.38074e+07
0,0,0,0,0,2.59879e+07,0,0,1.38074e+07
0,0,0,0,0,2.59925e+07,0,0,1.38074e+07
0,0,0,0,0,2.5997e+07,0,0,1.38074e+07
0,0,0,0,0,2.60015e+07,0,0,1.38074e+07
0,0,0,0,0,2.25257e+07,0,0,1.38074e+07
0,0,0,0,0,2.25297e+07,0,0,1.38074e+07
0,0,0,0,0,2.25336e+07,0,0,1.38074e+07
0,0,0,0,0,2.25375e+07,0,0,1.38074e+07
0,0,0,0,0,2.25414e+07,0,0,1.38074e+07
0,0,0,0,0,2.34094e+07,0,0,1.38074e+07
0,0,0,0,0,2.34135e+07,0,0,1.38074e+07
0,0,0,0,0,2.34176e+07,0,0,1.38074e+07
0,0,0,0,0,2.34217e+07,0,0,1.38074e+07
0,0,0,0,0,2.30888e+07,0,0,1.38074e+07
0,0,0,0,0,2.30928e+07,0,0,1.38074e+07
0,0,0,0,0,2.30968e+07,0,0,1.38074e+07
0,0,0,0,0,2.31009e+07,0,0,1.38074e+07
0,0,0,0,0,2.42754e+07,0,0,1.38074e+07
0,0,0,0,0,2.42796e+07,0,0,1.38074e+07
0,0,0,0,0,2.42838e+07,0,0,1.38074e+07
0,0,0,0,0,2.4288e+07,0,0,1.38074e+07
0,0,0,0,0,2.42923e+07,0,0,1.38074e+07
0,0,0,0,0,2.45191e+07,0,0,1.38074e+07
0,0,0,0,0,2.45234e+07,0,0,1.38074e+07
0,0,0,0,0,2.45277e+07,0,0,1.38074e+07
0,0,0,0,0,2.45319e+07,0,0,1.38074e+07
0,0,0,0,0,2.51222e+07,0,0,1.38074e+07
0,0,0,0,0,2.51266e+07,0,0,1.38074e+07
0,0,0,0,0,2.5131e+07,0,0,1.38074e+07
0,0,0,0,0,2.51353e+07,0,0,1.38074e+07
0,0,0,0,0,2.70601e+07,0,0,1.38074e+07
0,0,0,0,0,2.70648e+07,0,0,1.38074e+07
0,0,0,0,0,2.70695e+07,0,0,1.38074e+07
0,0,0,0,0,2.70742e+07,0,0,1.38074e+07
0,0,0,0,0,2.70789e+07,0,0,1.38074e+07
0,0,0,0,0,2.60181e+07,0,0,1.38074e+07
0,0,0,0,0,2.60226e+07,0,0,1.38074e+07
0,0,0,0,0,2.60271e+07,0,0,1.38074e+07
0,0,0,0,0,2.60317e+07,0,0,1.38074e+07
0,0,0,0,0,2.51025e+07,0,0,1.38074e+07
0,0,0,0,0,2.51068e+07,0,0,1.38074e+07
0,0,0,0,0,2.51112e+07,0,0,1.38074e+07
0,0,0,0,0,2.51156e+07,0,0,1.38074e+07
0,0,0,0,0,2.29176e+07,0,0,1.38074e+07
0,0,0,0,0,2.29216e+07,0,0,1.38074e+07
0,0,0,0,0,2.29255e+07,0,0,1.38074e+07
0,0,0,0,0,2.29295e+07,0,0,1.38074e+07
0,0,0,0,0,2.29335e+07,0,0,1.38074e+07
0,0,0,0,2.90858e-33,2.36672e+07,0,0,1.38074e+07
0,0,0,0,0,2.36712e+07,0,0,1.38074e+07
0,0,0,0,0,2.36751e+07,0,0,1.38074e+07
0,0,0,0,0,2.36791e+07,0,0,1.38074e+07
0,0,0,0,0,2.62233e+07,0,0,1.38074e+07
0,0,0,0,0,2.62277e+07,0,0,1.38074e+07
0,0,0,0,0,2.62321e+07,0,0,1.38074e+07
0,0,0,0,0,2.62365e+07,0,0,1.38074e+07
0,0,0,0,0,2.27291e+07,0,0,1.38074e+07
0,0,0,0,0,2.27329e+07,0,0,1.38074e+07
0,0,0,0,0,2.27367e+07,0,0,1.38074e+07
0,0,0,0,0,2.27405e+07,0,0,1.38074e+07
0,0,0,0,0,2.27443e+07,0,0,1.38074e+07
0,0,0,0,0,2.36199e+07,0,0,1.38074e+07
0,0,0,0,0,2.36239e+07,0,0,1.38074e+07
0,0,0,0,0,2.36278e+07,0,0,1.38074e+07
0,0,0,0,0,2.36318e+07,0,0,1.38074e+07
0,0,0,0,0,2.32958e+07,0,0,1.38074e+07
0,0,0,0,0,2.32997e+07,0,0,1.38074e+07
0,0,0,0,0,2.33036e+07,0,0,1.38074e+07
0,0,0,0,0,2.33074e+07,0,0,1.38074e+07
0,0,0,0,0,2.44923e+07,0,0,1.38074e+07
0,0,0,0,0,2.44964e+07,0,0,1.38074e+07
0,0,0,0,0,2.45005e+07,0,0,1.38074e+07
0,0,0,0,0,2.45045e+07,0,0,1.38074e+07
0,0,0,0,0,2.45086e+07,0,0,1.38074e+07
0,0,0,0,0,2.47373e+07,0,0,1.38074e+07
0,0,0,0,0,2.47415e+07,0,0,1.38074e+07
0,0,0,0,0,2.47456e+07,0,0,1.38074e+07
0,0,0,0,0,2.47497e+07,0,0,1.38074e+07
0,0,0,0,0,2.53451e+07,0,0,1.38074e+07
0,0,0,0,0,2.53493e+07,0,0,1.38074e+07
0,0,0,0,0,2.53535e+07,0,0,1.38074e+07
0,0,0,0,0,2.53577e+07,0,0,1.38074e+07
0,0,0,0,0,2.72993e+07,0,0,1.38074e+07
0,0,0,0,0,2.73039e+07,0,0,1.38074e+07
0,0,0,0,0,2.73084e+07,0,0,1.38074e+07
0,0,0,0,0,2.7313e+07,0,0,1.38074e+07
0,0,0,0,0,2.73175e+07,0,0,1.38074e+07
0,0,0,0,0,2.62472e+07,0,0,1.38074e+07
0,0,0,0,0,2.62516e+07,0,0,1.38074e+07
0,0,0,0,0,2.6256e+07,0,0,1.38074e+07
0,0,0,0,0,2.62603e+07,0,0,1.38074e+07
0,0,0,0,0,2.53228e+07,0,0,1.38074e+07
0,0,0,0,0,2.5327e+07,0,0,1.38074e+07
0,0,0,0,0,2.53312e+07,0,0,1.38074e+07
0,0,0,0,0,2.53355e+07,0,0,1.38074e+07
0,0,0,0,0,2.3118e+07,0,0,1.38074e+07
0,0,0,0,0,2.31219e+07,0,0,1.38074e+07
0,0,0,0,0,2.31258e+07,0,0,1.38074e+07
0,0,0,0,0,2.31296e+07,0,0,1.38074e+07
0,0,0,0,0,2.31335e+07,0,0,1.38074e+07
0,0,0,0,2.90858e-33,2.38734e+07,0,0,1.38074e+07
0,0,0,0,0,2.38772e+07,0,0,1.38074e+07
0,0,0,0,0,2.38811e+07,0,0,1.38074e+07
0,0,0,0,0,2.38849e+07,0,0,1.38074e+07
0,0,0,0,0,2.64511e+07,0,0,1.38074e+07
0,0,0,0,0,2.64553e+07,0,0,1.38074e+07
0,0,0,0,0,2.64596e+07,0,0,1.38074e+07
0,0,0,0,0,2.64638e+07,0,0,1.38074e+07
0,0,0,0,0,2.29259e+07,0,0,1.38074e+07
0,0,0,0,0,2.29296e+07,0,0,1.38074e+07
0,0,0,0,0,2.29333e+07,0,0,1.38074e+07
0,0,0,0,0,2.29369e+07,0,0,1.38074e+07
0,0,0,0,0,2.29406e+07,0,0,1.38074e+07
0,0,0,0,0,2.38237e+07,0,0,1.38074e+07
0,0,0,0,0,2.38275e+07,0,0,1.38074e+07
0,0,0,0,0,2.38313e+07,0,0,1.38074e+07
0,0,0,0,0,2.38351e+07,0,0,1.38074e+07
0,0,0,0,0,2.34961e+07,0,0,1.38074e+07
0,0,0,0,0,2.34998e+07,0,0,1.38074e+07
0,0,0,0,0,2.35036e+07,0,0,1.38074e+07
0,0,0,0,0,2.35073e+07,0,0,1.38074e+07
0,0,0,0,0,2.47022e+07,0,0,1.38074e+07
0,0,0,0,0,2.47061e+07,0,0,1.38074e+07
0,0,0,0,0,2.47101e+07,0,0,1.38074e+07
0,0,0,0,0,2.47141e+07,0,0,1.38074e+07
0,0,0,0,0,2.4718e+07,0,0,1.38074e+07
0,0,0,0,0,2.49485e+07,0,0,1.38074e+07
0,0,0,0,0,2.49525e+07,0,0,1.38074e+07
0,0,0,0,0,2.49565e+07,0,0,1.38074e+07
0,0,0,0,0,2.49605e+07,0,0,1.38074e+07
0,0,0,0,0,2.55607e+07,0,0,1.38074e+07
0,0,0,0,0,2.55648e+07,0,0,1.38074e+07
0,0,0,0,0,2.55689e+07,0,0,1.38074e+07
0,0,0,0,0,2.5573e+07,0,0,1.38074e+07
0,0,0,0,0,2.75309e+07,0,0,1.38074e+07
0,0,0,0,0,2.75353e+07,0,0,1.38074e+07
0,0,0,0,0,2.75397e+07,0,0,1.38074e+07
0,0,0,0,0,2.75441e+07,0,0,1.38074e+07
0,0,0,0,0,2.75485e+07,0,0,1.38074e+07
0,0,0,0,0,2.64689e+07,0,0,1.38074e+07
0,0,0,0,0,2.64732e+07,0,0,1.38074e+07
0,0,0,0,0,2.64774e+07,0,0,1.38074e+07
0,0,0,0,0,2.64817e+07,0,0,1.38074e+07
0,0,0,0,0,2.5536e+07,0,0,1.38074e+07
0,0,0,0,0,2.55401e+07,0,0,1.38074e+07
0,0,0,0,0,2.55442e+07,0,0,1.38074e+07
0,0,0,0,0,2.55483e+07,0,0,1.38074e+07
0,0,0,0,0,2.33121e+07,0,0,1.38074e+07
0,0,0,0,0,2.33158e+07,0,0,1.38074e+07
0,0,0,0,0,2.33196e+07,0,0,1.38074e+07
0,0,0,0,0,2.33233e+07,0,0,1.38074e+07
0,0,0,0,0,2.33271e+07,0,0,1.38074e+07
0,0,0,0,0,2.4073e+07,0,0,1.38074e+07
0,0,0,0,2.90858e-33,2.40767e+07,0,0,1.38074e+07
0,0,0,0,0,2.40804e+07,0,0,1.38074e+07
0,0,0,0,0,2.40841e+07,0,0,1.38074e+07
0,0,0,0,0,2.66716e+07,0,0,1.38074e+07
0,0,0,0,0,2.66757e+07,0,0,1.38074e+07
0,0,0,0,0,2.66798e+07,0,0,1.38074e+07
0,0,0,0,0,2.66839e+07,0,0,1.38074e+07
0,0,0,0,0,2.31164e+07,0,0,1.38074e+07
0,0,0,0,0,2.312e+07,0,0,1.38074e+07
0,0,0,0,0,2.31236e+07,0,0,1.38074e+07
0,0,0,0,0,2.31271e+07,0,0,1.38074e+07
0,0,0,0,0,2.31307e+07,0,0,1.38074e+07
0,0,0,0,0,2.40209e+07,0,0,1.38074e+07
0,0,0,0,0,2.40246e+07,0,0,1.38074e+07
0,0,0,0,0,2.40283e+07,0,0,1.38074e+07
0,0,0,0,0,2.4032e+07,0,0,1.38074e+07
0,0,0,0,0,2.369e+07,0,0,1.38074e+07
0,0,0,0,0,2.36936e+07,0,0,1.38074e+07
0,0,0,0,0,2.36972e+07,0,0,1.38074e+07
0,0,0,0,0,2.37009e+07,0,0,1.38074e+07
0,0,0,0,0,2.49054e+07,0,0,1.38074e+07
0,0,0,0,0,2.49092e+07,0,0,1.38074e+07
0,0,0,0,0,2.49131e+07,0,0,1.38074e+07
0,0,0,0,0,2.49169e+07,0,0,1.38074e+07
0,0,0,0,0,2.49207e+07,0,0,1.38074e+07
0,0,0,0,0,2.51529e+07,0,0,1.38074e+07
0,0,0,0,0,2.51568e+07,0,0,1.38074e+07
0,0,0,0,0,2.51607e+07,0,0,1.38074e+07
0,0,0,0,0,2.51646e+07,0,0,1.38074e+07
0,0,0,0,0,2.57695e+07,0,0,1.38074e+07
0,0,0,0,0,2.57735e+07,0,0,1.38074e+07
0,0,0,0,0,2.57775e+07,0,0,1.38074e+07
0,0,0,0,0,2.57814e+07,0,0,1.38074e+07
0,0,0,0,0,2.77551e+07,0,0,1.38074e+07
0,0,0,0,0,2.77594e+07,0,0,1.38074e+07
0,0,0,0,0,2.77636e+07,0,0,1.38074e+07
0,0,0,0,0,2.77679e+07,0,0,1.38074e+07
0,0,0,0,0,2.77722e+07,0,0,1.38074e+07
0,0,0,0,0,2.66837e+07,0,0,1.38074e+07
0,0,0,0,0,2.66878e+07,0,0,1.38074e+07
0,0,0,0,0,2.66919e+07,0,0,1.38074e+07
0,0,0,0,0,2.6696e+07,0,0,1.38074e+07
0,0,0,0,0,2.57425e+07,0,0,1.38074e+07
0,0,0,0,0,2.57465e+07,0,0,1.38074e+07
0,0,0,0,0,2.57505e+07,0,0,1.38074e+07
0,0,0,0,0,2.57544e+07,0,0,1.38074e+07
0,0,0,0,0,2.35e+07,0,0,1.38074e+07
0,0,0,0,0,2.35036e+07,0,0,1.38074e+07
0,0,0,0,0,2.35073e+07,0,0,1.38074e+07
0,0,0,0,0,2.35109e+07,0,0,1.38074e+07
0,0,0,0,0,2.35145e+07,0,0,1.38074e+07
0,0,0,0,0,2.35145e+07,0,0,1.38074e+07
0,0,0,0,2.90858e-33,2.42663e+07,0,0,1.38074e+07
0,0,0,0,0,2.42699e+07,0,0,1.38074e+07
0,0,0,0,0,2.42735e+07,0,0,1.38074e+07
0,0,0,0,0,2.42771e+07,0,0,1.38074e+07
0,0,0,0,0,2.6885e+07,0,0,1.38074e+07
0,0,0,0,0,2.6889e+07,0,0,1.38074e+07
0,0,0,0,0,2.6893e+07,0,0,1.38074e+07
0,0,0,0,0,2.68969e+07,0,0,1.38074e+07
0,0,0,0,0,2.33009e+07,0,0,1.38074e+07
0,0,0,0,0,2.33043e+07,0,0,1.38074e+07
0,0,0,0,0,2.33078e+07,0,0,1.38074e+07
0,0,0,0,0,2.33112e+07,0,0,1.38074e+07
0,0,0,0,0,2.33146e+07,0,0,1.38074e+07
0,0,0,0,0,2.42118e+07,0,0,1.38074e+07
0,0,0,0,0,2.42153e+07,0,0,1.38074e+07
0,0,0,0,0,2.42189e+07,0,0,1.38074e+07
0,0,0,0,0,2.42225e+07,0,0,1.38074e+07
0,0,0,0,0,2.38776e+07,0,0,1.38074e+07
0,0,0,0,0,2.38811e+07,0,0,1.38074e+07
0,0,0,0,0,2.38847e+07,0,0,1.38074e+07
0,0,0,0,0,2.38882e+07,0,0,1.38074e+07
0,0,0,0,0,2.51021e+07,0,0,1.38074e+07
0,0,0,0,0,2.51058e+07,0,0,1.38074e+07
0,0,0,0,0,2.51095e+07,0,0,1.38074e+07
0,0,0,0,0,2.51132e+07,0,0,1.38074e+07
0,0,0,0,0,2.51169e+07,0,0,1.38074e+07
0,0,0,0,0,2.53508e+07,0,0,1.38074e+07
0,0,0,0,0,2.53545e+07,0,0,1.38074e+07
0,0,0,0,0,2.53582e+07,0,0,1.38074e+07
0,0,0,0,0,2.5362e+07,0,0,1.38074e+07
0,0,0,0,0,2.59715e+07,0,0,1.38074e+07
0,0,0,0,0,2.59754e+07,0,0,1.38074e+07
0,0,0,0,0,2.59792e+07,0,0,1.38074e+07
0,0,0,0,0,2.59831e+07,0,0,1.38074e+07
0,0,0,0,0,2.79719e+07,0,0,1.38074e+07
0,0,0,0,0,2.79761e+07,0,0,1.38074e+07
0,0,0,0,0,2.79802e+07,0,0,1.38074e+07
0,0,0,0,0,2.79843e+07,0,0,1.38074e+07
0,0,0,0,0,2.79885e+07,0,0,1.38074e+07
0,0,0,0,0,2.68913e+07,0,0,1.38074e+07
0,0,0,0,0,2.68953e+07,0,0,1.38074e+07
0,0,0,0,0,2.68992e+07,0,0,1.38074e+07
0,0,0,0,0,2.69032e+07,0,0,1.38074e+07
0,0,0,0,0,2.59422e+07,0,0,1.38074e+07
0,0,0,0,0,2.5946e+07,0,0,1.38074e+07
0,0,0,0,0,2.59499e+07,0,0,1.38074e+07
0,0,0,0,0,2.59537e+07,0,0,1.38074e+07
0,0,0,0,0,2.36817e+07,0,0,1.38074e+07
0,0,0,0,0,2.36852e+07,0,0,1.38074e+07
0,0,0,0,0,2.36887e+07,0,0,1.38074e+07
0,0,0,0,0,2.36922e+07,0,0,1.38074e+07
0,0,0,0,0,2.36957e+07,0,0,1.38074e+07
0,0,0,0,2.90858e-33,2.44531e+07,0,0,1.38074e+07
0,0,0,0,2.90858e-33,2.44566e+07,0,0,1.38074e+07
0,0,0,0,0,2.44601e+07,0,0,1.38074e+07
0,0,0,0,0,2.44635e+07,0,0,1.38074e+07
0,0,0,0,0,2.70914e+07,0,0,1.38074e+07
0,0,0,0,0,2.70952e+07,0,0,1.38074e+07
0,0,0,0,0,2.7099e+07,0,0,1.38074e+07
0,0,0,0,0,2.71029e+07,0,0,1.38074e+07
0,0,0,0,0,2.34791e+07,0,0,1.38074e+07
0,0,0,0,0,2.34824e+07,0,0,1.38074e+07
0,0,0,0,0,2.34858e+07,0,0,1.38074e+07
0,0,0,0,0,2.34891e+07,0,0,1.38074e+07
0,0,0,0,0,2.34924e+07,0,0,1.38074e+07
0,0,0,0,0,2.43962e+07,0,0,1.38074e+07
0,0,0,0,0,2.43996e+07,0,0,1.38074e+07
0,0,0,0,0,2.44031e+07,0,0,1.38074e+07
0,0,0,0,0,2.44065e+07,0,0,1.38074e+07
0,0,0,0,0,2.40589e+07,0,0,1.38074e+07
0,0,0,0,0,2.40623e+07,0,0,1.38074e+07
0,0,0,0,0,2.40657e+07,0,0,1.38074e+07
0,0,0,0,0,2.40691e+07,0,0,1.38074e+07
0,0,0,0,0,2.5292e+07,0,0,1.38074e+07
0,0,0,0,0,2.52956e+07,0,0,1.38074e+07
0,0,0,0,0,2.52992e+07,0,0,1.38074e+07
0,0,0,0,0,2.53028e+07,0,0,1.38074e+07
0,0,0,0,0,2.53063e+07,0,0,1.38074e+07
0,0,0,0,0,2.55418e+07,0,0,1.38074e+07
0,0,0,0,0,2.55454e+07,0,0,1.38074e+07
0,0,0,0,0,2.5549e+07,0,0,1.38074e+07
0,0,0,0,0,2.55527e+07,0,0,1.38074e+07
0,0,0,0,0,2.61666e+07,0,0,1.38074e+07
0,0,0,0,0,2.61703e+07,0,0,1.38074e+07
0,0,0,0,0,2.6174e+07,0,0,1.38074e+07
0,0,0,0,0,2.61777e+07,0,0,1.38074e+07
0,0,0,0,0,2.81814e+07,0,0,1.38074e+07
0,0,0,0,0,2.81854e+07,0,0,1.38074e+07
0,0,0,0,0,2.81893e+07,0,0,1.38074e+07
0,0,0,0,0,2.81933e+07,0,0,1.38074e+07
0,0,0,0,0,2.81973e+07,0,0,1.38074e+07
0,0,0,0,0,2.70918e+07,0,0,1.38074e+07
0,0,0,0,0,2.70956e+07,0,0,1.38074e+07
0,0,0,0,0,2.70994e+07,0,0,1.38074e+07
0,0,0,0,0,2.71033e+07,0,0,1.38074e+07
0,0,0,0,0,2.6135e+07,0,0,1.38074e+07
0,0,0,0,0,2.61387e+07,0,0,1.38074e+07
0,0,0,0,0,2.61424e+07,0,0,1.38074e+07
0,0,0,0,0,2.61461e+07,0,0,1.38074e+07
0,0,0,0,0,2.38571e+07,0,0,1.38074e+07
0,0,0,0,0,2.38604e+07,0,0,1.38074e+07
0,0,0,0,0,2.38638e+07,0,0,1.38074e+07
0,0,0,0,0,2.38672e+07,0,0,1.38074e+07
0,0,0,0,0,2.38706e+07,0,0,1.38074e+07
0,0,0,0,0,2.46335e+07,0,0,1.38074e+07
0,0,0,0,0,2.46368e+07,0,0,1.38074e+07
0,0,0,0,0,2.46401e+07,0,0,1.38074e+07
0,0,0,0,0,2.46434e+07,0,0,1.38074e+07
0,0,0,0,0,2.72905e+07,0,0,1.38074e+07
0,0,0,0,0,2.72941e+07,0,0,1.38074e+07
0,0,0,0,0,2.72978e+07,0,0,1.38074e+07
0,0,0,0,0,2.73015e+07,0,0,1.38074e+07
0,0,0,0,0,2.36511e+07,0,0,1.38074e+07
0,0,0,0,0,2.36543e+07,0,0,1.38074e+07
0,0,0,0,0,2.36575e+07,0,0,1.38074e+07
0,0,0,0,0,2.36607e+07,0,0,1.38074e+07
0,0,0,0,0,2.36639e+07,0,0,1.38074e+07
0,0,0,0,0,2.45741e+07,0,0,1.38074e+07
0,0,0,0,0,2.45774e+07,0,0,1.38074e+07
0,0,0,0,0,2.45808e+07,0,0,1.38074e+07
0,0,0,0,0,2.45841e+07,0,0,1.38074e+07
0,0,0,0,0,2.42338e+07,0,0,1.38074e+07
0,0,0,0,0,2.4237e+07,0,0,1.38074e+07
0,0,0,0,0,2.42403e+07,0,0,1.38074e+07
0,0,0,0,0,2.42436e+07,0,0,1.38074e+07
0,0,0,0,0,2.54752e+07,0,0,1.38074e+07
0,0,0,0,0,2.54787e+07,0,0,1.38074e+07
0,0,0,0,0,2.54821e+07,0,0,1.38074e+07
0,0,0,0,0,2.54855e+07,0,0,1.38074e+07
0,0,0,0,0,2.5489e+07,0,0,1.38074e+07
0,0,0,0,0,2.5726e+07,0,0,1.38074e+07
0,0,0,0,0,2.57295e+07,0,0,1.38074e+07
0,0,0,0,0,2.5733e+07,0,0,1.38074e+07
0,0,0,0,0,2.57364e+07,0,0,1.38074e+07
0,0,0,0,0,2.63547e+07,0,0,1.38074e+07
0,0,0,0,0,2.63582e+07,0,0,1.38074e+07
0,0,0,0,0,2.63618e+07,0,0,1.38074e+07
0,0,0,0,0,2.63654e+07,0,0,1.38074e+07
0,0,0,0,0,2.83832e+07,0,0,1.38074e+07
0,0,0,0,0,2.8387e+07,0,0,1.38074e+07
0,0,0,0,0,2.83909e+07,0,0,1.38074e+07
0,0,0,0,0,2.83947e+07,0,0,1.38074e+07
0,0,0,0,0,2.83985e+07,0,0,1.38074e+07
0,0,0,0,0,2.7285e+07,0,0,1.38074e+07
0,0,0,0,0,2.72886e+07,0,0,1.38074e+07
0,0,0,0,0,2.72923e+07,0,0,1.38074e+07
0,0,0,0,0,2.7296e+07,0,0,1.38074e+07
0,0,0,0,0,2.63207e+07,0,0,1.38074e+07
0,0,0,0,0,2.63242e+07,0,0,1.38074e+07
0,0,0,0,0,2.63278e+07,0,0,1.38074e+07
0,0,0,0,0,2.63313e+07,0,0,1.38074e+07
0,0,0,0,0,2.4026e+07,0,0,1.38074e+07
0,0,0,0,0,2.40292e+07,0,0,1.38074e+07
0,0,0,0,0,2.40325e+07,0,0,1.38074e+07
0,0,0,0,0,2.40357e+07,0,0,1.38074e+07
0,0,0,0,0,2.4039e+07,0,0,1.38074e+07
0,0,0,0,0,2.48071e+07,0,0,1.38074e+07
0,0,0,0,0,2.48103e+07,0,0,1.38074e+07
0,0,0,0,0,2.48135e+07,0,0,1.38074e+07
0,0,0,0,0,2.48167e+07,0,0,1.38074e+07
0,0,0,0,0,2.74821e+07,0,0,1.38074e+07
0,0,0,0,0,2.74857e+07,0,0,1.38074e+07
0,0,0,0,0,2.74892e+07,0,0,1.38074e+07
0,0,0,0,0,2.74928e+07,0,0,1.38074e+07
0,0,0,0,0,2.38166e+07,0,0,1.38074e+07
0,0,0,0,0,2.38197e+07,0,0,1.38074e+07
0,0,0,0,0,2.38227e+07,0,0,1.38074e+07
0,0,0,0,0,2.38258e+07,0,0,1.38074e+07
0,0,0,0,0,2.38289e+07,0,0,1.38074e+07
0,0,0,0,0,2.47453e+07,0,0,1.38074e+07
0,0,0,0,0,2.47485e+07,0,0,1.38074e+07
0,0,0,0,0,2.47517e+07,0,0,1.38074e+07
0,0,0,0,0,2.47549e+07,0,0,1.38074e+07
0,0,0,0,0,2.4402e+07,0,0,1.38074e+07
0,0,0,0,0,2.44051e+07,0,0,1.38074e+07
0,0,0,0,0,2.44083e+07,0,0,1.38074e+07
0,0,0,0,0,2.44114e+07,0,0,1.38074e+07
0,0,0,0,0,2.56514e+07,0,0,1.38074e+07
0,0,0,0,0,2.56547e+07,0,0,1.38074e+07
0,0,0,0,0,2.5658e+07,0,0,1.38074e+07
0,0,0,0,0,2.56613e+07,0,0,1.38074e+07
0,0,0,0,0,2.56646e+07,0,0,1.38074e+07
0,0,0,0,0,2.59031e+07,0,0,1.38074e+07
0,0,0,0,0,2.59064e+07,0,0,1.38074e+07
0,0,0,0,0,2.59098e+07,0,0,1.38074e+07
0,0,0,0,0,2.59131e+07,0,0,1.38074e+07
0,0,0,0,0,2.65354e+07,0,0,1.38074e+07
0,0,0,0,0,2.65389e+07,0,0,1.38074e+07
0,0,0,0,0,2.65423e+07,0,0,1.38074e+07
0,0,0,0,0,2.65457e+07,0,0,1.38074e+07
0,0,0,0,0,2.85771e+07,0,0,1.38074e+07
0,0,0,0,0,2.85808e+07,0,0,1.38074e+07
0,0,0,0,0,2.85845e+07,0,0,1.38074e+07
0,0,0,0,0,2.85882e+07,0,0,1.38074e+07
0,0,0,0,0,2.85919e+07,0,0,1.38074e+07
0,0,0,0,0,2.74705e+07,0,0,1.38074e+07
0,0,0,0,0,2.74741e+07,0,0,1.38074e+07
0,0,0,0,0,2.74776e+07,0,0,1.38074e+07
0,0,0,0,0,2.74812e+07,0,0,1.38074e+07
0,0,0,0,0,2.6499e+07,0,0,1.38074e+07
0,0,0,0,0,2.65024e+07,0,0,1.38074e+07
0,0,0,0,0,2.65059e+07,0,0,1.38074e+07
0,0,0,0,0,2.65093e+07,0,0,1.38074e+07
0,0,0,0,0,2.41882e+07,0,0,1.38074e+07
0,0,0,0,0,2.41913e+07,0,0,1.38074e+07
0,0,0,0,0,2.41944e+07,0,0,1.38074e+07
0,0,0,0,0,2.41975e+07,0,0,1.38074e+07
0,0,0,0,0,2.42007e+07,0,0,1.38074e+07
0,0,0,0,0,2.49738e+07,0,0,1.38074e+07
0,0,0,0,0,2.49768e+07,0,0,1.38074e+07
0,0,0,0,0,2.49799e+07,0,0,1.38074e+07
0,0,0,0,0,2.4983e+07,0,0,1.38074e+07
0,0,0,0,0,2.76661e+07,0,0,1.38074e+07
0,0,0,0,0,2.76695e+07,0,0,1.38074e+07
0,0,0,0,0,2.76729e+07,0,0,1.38074e+07
0,0,0,0,0,2.76762e+07,0,0,1.38074e+07
0,0,0,0,0,2.39754e+07,0,0,1.38074e+07
0,0,0,0,0,2.39783e+07,0,0,1.38074e+07
0,0,0,0,0,2.39813e+07,0,0,1.38074e+07
0,0,0,0,0,2.39842e+07,0,0,1.38074e+07
0,0,0,0,0,2.39871e+07,0,0,1.38074e+07
0,0,0,0,0,2.49095e+07,0,0,1.38074e+07
0,0,0,0,0,2.49125e+07,0,0,1.38074e+07
0,0,0,0,0,2.49156e+07,0,0,1.38074e+07
0,0,0,0,0,2.49187e+07,0,0,1.38074e+07
0,0,0,0,0,2.45633e+07,0,0,1.38074e+07
0,0,0,0,0,2.45663e+07,0,0,1.38074e+07
0,0,0,0,0,2.45693e+07,0,0,1.38074e+07
0,0,0,0,0,2.45723e+07,0,0,1.38074e+07
0,0,0,0,0,2.58203e+07,0,0,1.38074e+07
0,0,0,0,0,2.58234e+07,0,0,1.38074e+07
0,0,0,0,0,2.58266e+07,0,0,1.38074e+07
0,0,0,0,0,2.58298e+07,0,0,1.38074e+07
0,0,0,0,0,2.58329e+07,0,0,1.38074e+07
0,0,0,0,0,2.60728e+07,0,0,1.38074e+07
0,0,0,0,0,2.6076e+07,0,0,1.38074e+07
0,0,0,0,0,2.60792e+07,0,0,1.38074e+07
0,0,0,0,0,2.60824e+07,0,0,1.38074e+07
0,0,0,0,0,2.67086e+07,0,0,1.38074e+07
0,0,0,0,0,2.67119e+07,0,0,1.38074e+07
0,0,0,0,0,2.67151e+07,0,0,1.38074e+07
0,0,0,0,0,2.67184e+07,0,0,1.38074e+07
0,0,0,0,0,2.87629e+07,0,0,1.38074e+07
0,0,0,0,0,2.87664e+07,0,0,1.38074e+07
0,0,0,0,0,2.87699e+07,0,0,1.38074e+07
0,0,0,0,0,2.87735e+07,0,0,1.38074e+07
0,0,0,0,0,2.8777e+07,0,0,1.38074e+07
0,0,0,0,0,2.76482e+07,0,0,1.38074e+07
0,0,0,0,0,2.76516e+07,0,0,1.38074e+07
0,0,0,0,0,2.7655e+07,0,0,1.38074e+07
0,0,0,0,0,2.76584e+07,0,0,1.38074e+07
0,0,0,0,0,2.66697e+07,0,0,1.38074e+07
0,0,0,0,0,2.6673e+07,0,0,1.38074e+07
0,0,0,0,0,2.66762e+07,0,0,1.38074e+07
0,0,0,0,0,2.66795e+07,0,0,1.38074e+07
0,0,0,0,0,2.43434e+07,0,0,1.38074e+07
0,0,0,0,0,2.43463e+07,0,0,1.38074e+07
0,0,0,0,0,2.43493e+07,0,0,1.38074e+07
0,0,0,0,0,2.43523e+07,0,0,1.38074e+07
0,0,0,0,0,2.43553e+07,0,0,1.38074e+07
0,0,0,0,0,2.51332e+07,0,0,1.38074e+07
0,0,0,0,0,2.51361e+07,0,0,1.38074e+07
0,0,0,0,0,2.5139e+07,0,0,1.38074e+07
0,0,0,0,0,2.5142e+07,0,0,1.38074e+07
0,0,0,0,0,2.7842e+07,0,0,1.38074e+07
0,0,0,0,0,2.78452e+07,0,0,1.38074e+07
0,0,0,0,0,2.78484e+07,0,0,1.38074e+07
0,0,0,0,0,2.78517e+07,0,0,1.38074e+07
0,0,0,0,0,2.41272e+07,0,0,1.38074e+07
0,0,0,0,0,2.413e+07,0,0,1.38074e+07
0,0,0,0,0,2.41328e+07,0,0,1.38074e+07
0,0,0,0,0,2.41356e+07,0,0,1.38074e+07
0,0,0,0,0,2.41384e+07,0,0,1.38074e+07
0,0,0,0,0,2.50664e+07,0,0,1.38074e+07
0,0,0,0,0,2.50693e+07,0,0,1.38074e+07
0,0,0,0,0,2.50723e+07,0,0,1.38074e+07
0,0,0,0,0,2.50752e+07,0,0,1.38074e+07
0,0,0,0,0,2.47174e+07,0,0,1.38074e+07
0,0,0,0,0,2.47203e+07,0,0,1.38074e+07
0,0,0,0,0,2.47231e+07,0,0,1.38074e+07
0,0,0,0,0,2.4726e+07,0,0,1.38074e+07
0,0,0,0,0,2.59816e+07,0,0,1.38074e+07
0,0,0,0,0,2.59846e+07,0,0,1.38074e+07
0,0,0,0,0,2.59877e+07,0,0,1.38074e+07
0,0,0,0,0,2.59907e+07,0,0,1.38074e+07
0,0,0,0,0,2.59937e+07,0,0,1.38074e+07
0,0,0,0,0,2.62349e+07,0,0,1.38074e+07
0,0,0,0,0,2.6238e+07,0,0,1.38074e+07
0,0,0,0,0,2.6241e+07,0,0,1.38074e+07
0,0,0,0,0,2.6244e+07,0,0,1.38074e+07
0,0,0,0,0,2.6874e+07,0,0,1.38074e+07
0,0,0,0,0,2.68771e+07,0,0,1.38074e+07
0,0,0,0,0,2.68802e+07,0,0,1.38074e+07
0,0,0,0,0,2.68833e+07,0,0,1.38074e+07
0,0,0,0,0,2.89402e+07,0,0,1.38074e+07
0,0,0,0,0,2.89436e+07,0,0,1.38074e+07
0,0,0,0,0,2.89469e+07,0,0,1.38074e+07
0,0,0,0,0,2.89503e+07,0,0,1.38074e+07
0,0,0,0,0,2.89537e+07,0,0,1.38074e+07
0,0,0,0,0,2.78178e+07,0,0,1.38074e+07
0,0,0,0,0,2.7821e+07,0,0,1.38074e+07
0,0,0,0,0,2.78242e+07,0,0,1.38074e+07
0,0,0,0,0,2.78275e+07,0,0,1.38074e+07
0,0,0,0,0,2.68326e+07,0,0,1.38074e+07
0,0,0,0,0,2.68357e+07,0,0,1.38074e+07
0,0,0,0,0,2.68389e+07,0,0,1.38074e+07
0,0,0,0,0,2.6842e+07,0,0,1.38074e+07
0,0,0,0,0,2.44914e+07,0,0,1.38074e+07
0,0,0,0,0,2.44943e+07,0,0,1.38074e+07
0,0,0,0,0,2.44971e+07,0,0,1.38074e+07
0,0,0,0,0,2.45e+07,0,0,1.38074e+07
0,0,0,0,0,2.45028e+07,0,0,1.38074e+07
0,0,0,0,0,2.45028e+07,0,0,1.38074e+07
0,0,0,0,0,2.52853e+07,0,0,1.38074e+07
0,0,0,0,0,2.5288e+07,0,0,1.38074e+07
0,0,0,0,0,2.52908e+07,0,0,1.38074e+07
0,0,0,0,0,2.52936e+07,0,0,1.38074e+07
0,0,0,0,0,2.80097e+07,0,0,1.38074e+07
0,0,0,0,0,2.80128e+07,0,0,1.38074e+07
0,0,0,0,0,2.80159e+07,0,0,1.38074e+07
0,0,0,0,0,2.8019e+07,0,0,1.38074e+07
0,0,0,0,0,2.4272e+07,0,0,1.38074e+07
0,0,0,0,0,2.42746e+07,0,0,1.38074e+07
0,0,0,0,0,2.42773e+07,0,0,1.38074e+07
0,0,0,0,0,2.428e+07,0,0,1.38074e+07
0,0,0,0,0,2.42826e+07,0,0,1.38074e+07
0,0,0,0,0,2.5216e+07,0,0,1.38074e+07
0,0,0,0,0,2.52188e+07,0,0,1.38074e+07
0,0,0,0,0,2.52216e+07,0,0,1.38074e+07
0,0,0,0,0,2.52243e+07,0,0,1.38074e+07
0,0,0,0,0,2.48643e+07,0,0,1.38074e+07
0,0,0,0,0,2.4867e+07,0,0,1.38074e+07
0,0,0,0,0,2.48697e+07,0,0,1.38074e+07
0,0,0,0,0,2.48725e+07,0,0,1.38074e+07
0,0,0,0,0,2.61354e+07,0,0,1.38074e+07
0,0,0,0,0,2.61382e+07,0,0,1.38074e+07
0,0,0,0,0,2.61411e+07,0,0,1.38074e+07
0,0,0,0,0,2.6144e+07,0,0,1.38074e+07
0,0,0,0,0,2.61469e+07,0,0,1.38074e+07
0,0,0,0,0,2.63893e+07,0,0,1.38074e+07
0,0,0,0,0,2.63922e+07,0,0,1.38074e+07
0,0,0,0,0,2.63951e+07,0,0,1.38074e+07
0,0,0,0,0,2.6398e+07,0,0,1.38074e+07
0,0,0,0,0,2.70315e+07,0,0,1.38074e+07
0,0,0,0,0,2.70344e+07,0,0,1.38074e+07
0,0,0,0,0,2.70374e+07,0,0,1.38074e+07
0,0,0,0,0,2.70404e+07,0,0,1.38074e+07
0,0,0,0,0,2.91091e+07,0,0,1.38074e+07
0,0,0,0,0,2.91123e+07,0,0,1.38074e+07
0,0,0,0,0,2.91155e+07,0,0,1.38074e+07
0,0,0,0,0,2.91187e+07,0,0,1.38074e+07
0,0,0,0,0,2.91219e+07,0,0,1.38074e+07
0,0,0,0,0,2.79792e+07,0,0,1.38074e+07
0,0,0,0,0,2.79823e+07,0,0,1.38074e+07
0,0,0,0,0,2.79854e+07,0,0,1.38074e+07
0,0,0,0,0,2.79885e+07,0,0,1.38074e+07
0,0,0,0,0,2.69877e+07,0,0,1.38074e+07
0,0,0,0,0,2.69906e+07,0,0,1.38074e+07
0,0,0,0,0,2.69936e+07,0,0,1.38074e+07
0,0,0,0,0,2.69966e+07,0,0,1.38074e+07
0,0,0,0,0,2.46323e+07,0,0,1.38074e+07
0,0,0,0,0,2.4635e+07,0,0,1.38074e+07
0,0,0,0,0,2.46377e+07,0,0,1.38074e+07
0,0,0,0,0,2.46405e+07,0,0,1.38074e+07
0,0,0,0,0,2.46432e+07,0,0,1.38074e+07
0,0,0,0,0,2.54299e+07,0,0,1.38074e+07
0,0,0,0,0,2.54326e+07,0,0,1.38074e+07
0,0,0,0,0,2.54352e+07,0,0,1.38074e+07
0,0,0,0,0,2.54378e+07,0,0,1.38074e+07
0,0,0,0,0,2.81693e+07,0,0,1.38074e+07
0,0,0,0,0,2.81722e+07,0,0,1.38074e+07
0,0,0,0,0,2.81751e+07,0,0,1.38074e+07
0,0,0,0,0,2.8178e+07,0,0,1.38074e+07
0,0,0,0,0,2.44096e+07,0,0,1.38074e+07
0,0,0,0,0,2.44121e+07,0,0,1.38074e+07
0,0,0,0,0,2.44147e+07,0,0,1.38074e+07
0,0,0,0,0,2.44172e+07,0,0,1.38074e+07
0,0,0,0,0,2.44197e+07,0,0,1.38074e+07
0,0,0,0,0,2.53582e+07,0,0,1.38074e+07
0,0,0,0,0,2.53609e+07,0,0,1.38074e+07
0,0,0,0,0,2.53635e+07,0,0,1.38074e+07
0,0,0,0,0,2.53661e+07,0,0,1.38074e+07
0,0,0,0,0,2.50039e+07,0,0,1.38074e+07
0,0,0,0,0,2.50065e+07,0,0,1.38074e+07
0,0,0,0,0,2.5009e+07,0,0,1.38074e+07
0,0,0,0,0,2.50116e+07,0,0,1.38074e+07
0,0,0,0,0,2.62814e+07,0,0,1.38074e+07
0,0,0,0,0,2.62842e+07,0,0,1.38074e+07
0,0,0,0,0,2.62869e+07,0,0,1.38074e+07
0,0,0,0,0,2.62896e+07,0,0,1.38074e+07
0,0,0,0,0,2.62923e+07,0,0,1.38074e+07
0,0,0,0,0,2.6536e+07,0,0,1.38074e+07
0,0,0,0,0,2.65387e+07,0,0,1.38074e+07
0,0,0,0,0,2.65415e+07,0,0,1.38074e+07
0,0,0,0,0,2.65442e+07,0,0,1.38074e+07
0,0,0,0,0,2.7181e+07,0,0,1.38074e+07
0,0,0,0,0,2.71838e+07,0,0,1.38074e+07
0,0,0,0,0,2.71866e+07,0,0,1.38074e+07
0,0,0,0,0,2.71895e+07,0,0,1.38074e+07
0,0,0,0,0,2.92694e+07,0,0,1.38074e+07
0,0,0,0,0,2.92724e+07,0,0,1.38074e+07
0,0,0,0,0,2.92755e+07,0,0,1.38074e+07
0,0,0,0,0,2.92785e+07,0,0,1.38074e+07
0,0,0,0,0,2.92815e+07,0,0,1.38074e+07
0,0,0,0,0,2.81324e+07,0,0,1.38074e+07
0,0,0,0,0,2.81353e+07,0,0,1.38074e+07
0,0,0,0,0,2.81383e+07,0,0,1.38074e+07
0,0,0,0,0,2.81412e+07,0,0,1.38074e+07
0,0,0,0,0,2.71348e+07,0,0,1.38074e+07
0,0,0,0,0,2.71376e+07,0,0,1.38074e+07
0,0,0,0,0,2.71404e+07,0,0,1.38074e+07
0,0,0,0,0,2.71432e+07,0,0,1.38074e+07
0,0,0,0,0,2.4766e+07,0,0,1.38074e+07
0,0,0,0,0,2.47685e+07,0,0,1.38074e+07
0,0,0,0,0,2.47711e+07,0,0,1.38074e+07
0,0,0,0,0,2.47737e+07,0,0,1.38074e+07
0,0,0,0,0,2.47762e+07,0,0,1.38074e+07
0,0,0,6.71201e+07,0,2.55671e+07,0,0,1.38074e+07
0,0,0,6.71201e+07,0,2.55696e+07,0,0,1.38074e+07
0,0,0,6.71201e+07,0,2.55721e+07,0,0,1.38074e+07
0,0,0,6.71201e+07,0,2.55745e+07,0,0,1.38074e+07
0,0,0,6.71201e+07,0,2.83205e+07,0,0,1.38074e+07
0,0,0,6.71201e+07,0,2.83232e+07,0,0,1.38074e+07
0,0,0,6.71201e+07,0,2.8326e+07,0,0,1.38074e+07
0,0,0,6.71201e+07,0,2.83287e+07,0,0,1.38074e+07
0,0,0,6.71201e+07,0,2.454e+07,0,0,1.38074e+07
0,0,0,6.71201e+07,0,2.45424e+07,0,0,1.38074e+07
0,0,0,6.71201e+07,0,2.45448e+07,0,0,1.38074e+07
0,0,0,6.71201e+07,0,2.45472e+07,0,0,1.38074e+07
0,0,0,6.71201e+07,0,2.45496e+07,0,0,1.38074e+07
0,0,0,6.71201e+07,0,2.54929e+07,0,0,1.38074e+07
0,0,0,6.71201e+07,0,2.54954e+07,0,0,1.38074e+07
0,0,0,6.71201e+07,0,2.54979e+07,0,0,1.38074e+07
0,0,0,6.71201e+07,0,2.55003e+07,0,0,1.38074e+07
0,0,0,6.71201e+07,0,2.5136e+07,0,0,1.38074e+07
0,0,0,6.71201e+07,0,2.51385e+07,0,0,1.38074e+07
0,0,0,6.71201e+07,0,2.51409e+07,0,0,1.38074e+07
0,0,0,6.71201e+07,0,2.51433e+07,0,0,1.38074e+07
0,0,0,6.71201e+07,0,2.64197e+07,0,0,1.38074e+07
0,0,0,6.71201e+07,0,2.64222e+07,0,0,1.38074e+07
0,0,0,6.71201e+07,0,2.64248e+07,0,0,1.38074e+07
0,0,0,6.71201e+07,0,2.64274e+07,0,0,1.38074e+07
0,0,0,6.71201e+07,0,2.64299e+07,0,0,1.38074e+07
0,0,0,6.71201e+07,0,2.66747e+07,0,0,1.38074e+07
0,0,0,6.71201e+07,0,2.66773e+07,0,0,1.38074e+07
0,0,0,6.71201e+07,0,2.66799e+07,0,0,1.38074e+07
0,0,0,6.71201e+07,0,2.66825e+07,0,0,1.38074e+07
0,0,0,6.71201e+07,0,2.73224e+07,0,0,1.38074e+07
0,0,0,6.71201e+07,0,2.73251e+07,0,0,1.38074e+07
0,0,0,6.71201e+07,0,2.73277e+07,0,0,1.38074e+07
0,0,0,6.71201e+07,0,2.73304e+07,0,0,1.38074e+07
0,0,0,6.71201e+07,0,2.94209e+07,0,0,1.38074e+07
0,0,0,6.71201e+07,0,2.94238e+07,0,0,1.38074e+07
0,0,0,6.71201e+07,0,2.94266e+07,0,0,1.38074e+07
0,0,0,6.71201e+07,0,2.94295e+07,0,0,1.38074e+07
0,0,0,6.71201e+07,0,2.94324e+07,0,0,1.38074e+07
0,0,0,6.71201e+07,0,2.82772e+07,0,0,1.38074e+07
0,0,0,6.71201e+07,0,2.82799e+07,0,0,1.38074e+07
0,0,0,6.71201e+07,0,2.82827e+07,0,0,1.38074e+07
0,0,0,6.71201e+07,0,2.82854e+07,0,0,1.38074e+07
0,0,0,6.71201e+07,0,2.72737e+07,0,0,1.38074e+07
0,0,0,6.71201e+07,0,2.72763e+07,0,0,1.38074e+07
0,0,0,6.71201e+07,0,2.7279e+07,0,0,1.38074e+07
0,0,0,6.71201e+07,0,2.72816e+07,0,0,1.38074e+07
0,0,0,6.71201e+07,0,2.48921e+07,0,0,1.38074e+07
0,0,0,6.71201e+07,0,2.48945e+07,0,0,1.38074e+07
0,0,0,6.71201e+07,0,2.4897e+07,0,0,1.38074e+07
0,0,0,6.71201e+07,0,2.48994e+07,0,0,1.38074e+07
0,0,0,6.71201e+07,0,2.49018e+07,0,0,1.38074e+07
0,0,0,6.71201e+07,0,2.56965e+07,0,0,1.38074e+07
0,0,0,6.71201e+07,0,2.56988e+07,0,0,1.38074e+07
0,0,0,6.71201e+07,0,2.57012e+07,0,0,1.38074e+07
0,0,0,6.71201e+07,0,2.57035e+07,0,0,1.38074e+07
0,0,0,6.71201e+07,0,2.84631e+07,0,0,1.38074e+07
0,0,0,6.71201e+07,0,2.84657e+07,0,0,1.38074e+07
0,0,0,6.71201e+07,0,2.84683e+07,0,0,1.38074e+07
0,0,0,6.71201e+07,0,2.84709e+07,0,0,1.38074e+07
0,0,0,6.71201e+07,0,2.4663e+07,0,0,1.38074e+07
0,0,0,6.71201e+07,0,2.46652e+07,0,0,1.38074e+07
0,0,0,6.71201e+07,0,2.46675e+07,0,0,1.38074e+07
0,0,0,6.71201e+07,0,2.46697e+07,0,0,1.38074e+07
0,0,0,6.71201e+07,0,2.46719e+07,0,0,1.38074e+07
0,0,0,6.71201e+07,0,2.56198e+07,0,0,1.38074e+07
0,0,0,6.71201e+07,0,2.56222e+07,0,0,1.38074e+07
0,0,0,6.71201e+07,0,2.56245e+07,0,0,1.38074e+07
0,0,0,6.71201e+07,0,2.56268e+07,0,0,1.38074e+07
0,0,0,6.71201e+07,0,2.52605e+07,0,0,1.38074e+07
0,0,0,6.71201e+07,0,2.52628e+07,0,0,1.38074e+07
0,0,0,6.71201e+07,0,2.52651e+07,0,0,1.38074e+07
0,0,0,6.71201e+07,0,2.52674e+07,0,0,1.38074e+07
0,0,0,6.71201e+07,0,2.65499e+07,0,0,1.38074e+07
0,0,0,6.71201e+07,0,2.65523e+07,0,0,1.38074e+07
0,0,0,6.71201e+07,0,2.65547e+07,0,0,1.38074e+07
0,0,0,6.71201e+07,0,2.65571e+07,0,0,1.38074e+07
0,0,0,6.71201e+07,0,2.65595e+07,0,0,1.38074e+07
0,0,0,6.71201e+07,0,2.68053e+07,0,0,1.38074e+07
0,0,0,6.71201e+07,0,2.68077e+07,0,0,1.38074e+07
0,0,0,6.71201e+07,0,2.68102e+07,0,0,1.38074e+07
0,0,0,6.71201e+07,0,2.68126e+07,0,0,1.38074e+07
0,0,0,6.71201e+07,0,2.74555e+07,0,0,1.38074e+07
0,0,0,6.71201e+07,0,2.7458e+07,0,0,1.38074e+07
0,0,0,6.71201e+07,0,2.74605e+07,0,0,1.38074e+07
0,0,0,6.71201e+07,0,2.7463e+07,0,0,1.38074e+07
0,0,0,6.71201e+07,0,2.95635e+07,0,0,1.38074e+07
0,0,0,6.71201e+07,0,2.95662e+07,0,0,1.38074e+07
0,0,0,6.71201e+07,0,2.95689e+07,0,0,1.38074e+07
0,0,0,6.71201e+07,0,2.95715e+07,0,0,1.38074e+07
0,0,0,6.71201e+07,0,2.95742e+07,0,0,1.38074e+07
0,0,0,6.71201e+07,0,2.84133e+07,0,0,1.38074e+07
0,0,0,6.71201e+07,0,2.84159e+07,0,0,1.38074e+07
0,0,0,6.71201e+07,0,2.84185e+07,0,0,1.38074e+07
0,0,0,6.71201e+07,0,2.8421e+07,0,0,1.38074e+07
0,0,0,6.71201e+07,0,2.74043e+07,0,0,1.38074e+07
0,0,0,6.71201e+07,0,2.74068e+07,0,0,1.38074e+07
0,0,0,6.71201e+07,0,2.74092e+07,0,0,1.38074e+07
0,0,0,6.71201e+07,0,2.74117e+07,0,0,1.38074e+07
0,0,0,6.71201e+07,0,2.50107e+07,0,0,1.38074e+07
0,0,0,6.71201e+07,0,2.5013e+07,0,0,1.38074e+07
0,0,0,6.71201e+07,0,2.50152e+07,0,0,1.38074e+07
0,0,0,6.71201e+07,0,2.50175e+07,0,0,1.38074e+07
0,0,0,6.71201e+07,0,2.50198e+07,0,0,1.38074e+07
0,0,0,6.71201e+07,0,2.58181e+07,0,0,1.38074e+07
0,0,0,6.71201e+07,0,2.58203e+07,0,0,1.38074e+07
0,0,0,6.71201e+07,0,2.58225e+07,0,0,1.38074e+07
0,0,0,6.71201e+07,0,2.58247e+07,0,0,1.38074e+07
0,0,0,6.71201e+07,0,2.85971e+07,0,0,1.38074e+07
0,0,0,6.71201e+07,0,2.85995e+07,0,0,1.38074e+07
0,0,0,6.71201e+07,0,2.86019e+07,0,0,1.38074e+07
0,0,0,6.71201e+07,0,2.86044e+07,0,0,1.38074e+07
0,0,0,6.71201e+07,0,2.47785e+07,0,0,1.38074e+07
0,0,0,6.71201e+07,0,2.47806e+07,0,0,1.38074e+07
0,0,0,6.71201e+07,0,2.47827e+07,0,0,1.38074e+07
0,0,0,6.71201e+07,0,2.47848e+07,0,0,1.38074e+07
0,0,0,6.71201e+07,0,2.47869e+07,0,0,1.38074e+07
0,0,0,6.71201e+07,0,2.5739e+07,0,0,1.38074e+07
0,0,0,6.71201e+07,0,2.57412e+07,0,0,1.38074e+07
0,0,0,6.71201e+07,0,2.57434e+07,0,0,1.38074e+07
0,0,0,6.71201e+07,0,2.57456e+07,0,0,1.38074e+07
0,0,0,6.71201e+07,0,2.53774e+07,0,0,1.38074e+07
0,0,0,6.71201e+07,0,2.53796e+07,0,0,1.38074e+07
0,0,0,6.71201e+07,0,2.53817e+07,0,0,1.38074e+07
0,0,0,6.71201e+07,0,2.53839e+07,0,0,1.38074e+07
0,0,0,6.71201e+07,0,2.66721e+07,0,0,1.38074e+07
0,0,0,6.71201e+07,0,2.66743e+07,0,0,1.38074e+07
0,0,0,6.71201e+07,0,2.66766e+07,0,0,1.38074e+07
0,0,0,6.71201e+07,0,2.66788e+07,0,0,1.38074e+07
0,0,0,6.71201e+07,0,2.66811e+07,0,0,1.38074e+07
0,0,0,6.71201e+07,0,2.69279e+07,0,0,1.38074e+07
0,0,0,6.71201e+07,0,2.69301e+07,0,0,1.38074e+07
0,0,0,6.71201e+07,0,2.69324e+07,0,0,1.38074e+07
0,0,0,6.71201e+07,0,2.69347e+07,0,0,1.38074e+07
0,0,0,6.71201e+07,0,2.75803e+07,0,0,1.38074e+07
0,0,0,6.71201e+07,0,2.75827e+07,0,0,1.38074e+07
0,0,0,6.71201e+07,0,2.7585e+07,0,0,1.38074e+07
0,0,0,6.71201e+07,0,2.75874e+07,0,0,1.38074e+07
0,0,0,6.71201e+07,0,2.96972e+07,0,0,1.38074e+07
0,0,0,6.71201e+07,0,2.96997e+07,0,0,1.38074e+07
0,0,0,6.71201e+07,0,2.97022e+07,0,0,1.38074e+07
0,0,0,6.71201e+07,0,2.97047e+07,0,0,1.38074e+07
0,0,0,6.71201e+07,0,2.97073e+07,0,0,1.38074e+07
0,0,0,6.71201e+07,0,2.85409e+07,0,0,1.38074e+07
0,0,0,6.71201e+07,0,2.85433e+07,0,0,1.38074e+07
0,0,0,6.71201e+07,0,2.85458e+07,0,0,1.38074e+07
0,0,0,6.71201e+07,0,2.85482e+07,0,0,1.38074e+07
0,0,0,6.71201e+07,0,2.75267e+07,0,0,1.38074e+07
0,0,0,6.71201e+07,0,2.7529e+07,0,0,1.38074e+07
0,0,0,6.71201e+07,0,2.75313e+07,0,0,1.38074e+07
0,0,0,6.71201e+07,0,2.75337e+07,0,0,1.38074e+07
0,0,0,6.71201e+07,0,2.51218e+07,0,0,1.38074e+07
0,0,0,6.71201e+07,0,2.51239e+07,0,0,1.38074e+07
0,0,0,6.71201e+07,0,2.5126e+07,0,0,1.38074e+07
0,0,0,6.71201e+07,0,2.51282e+07,0,0,1.38074e+07
0,0,0,6.71201e+07,0,2.51303e+07,0,0,1.38074e+07
0,0,0,6.71201e+07,0,2.5932e+07,0,0,1.38074e+07
0,0,0,6.71201e+07,0,2.5934e+07,0,0,1.38074e+07
0,0,0,6.71201e+07,0,2.59361e+07,0,0,1.38074e+07
0,0,0,6.71201e+07,0,2.59381e+07,0,0,1.38074e+07
0,0,0,6.71201e+07,0,2.87226e+07,0,0,1.38074e+07
0,0,0,6.71201e+07,0,2.87248e+07,0,0,1.38074e+07
0,0,0,6.71201e+07,0,2.87271e+07,0,0,1.38074e+07
0,0,0,6.71201e+07,0,2.87294e+07,0,0,1.38074e+07
0,0,0,6.71201e+07,0,2.48866e+07,0,0,1.38074e+07
0,0,0,6.71201e+07,0,2.48885e+07,0,0,1.38074e+07
0,0,0,6.71201e+07,0,2.48905e+07,0,0,1.38074e+07
0,0,0,6.71201e+07,0,2.48925e+07,0,0,1.38074e+07
0,0,0,6.71201e+07,0,2.48944e+07,0,0,1.38074e+07
0,0,0,6.71201e+07,0,2.58506e+07,0,0,1.38074e+07
0,0,0,6.71201e+07,0,2.58526e+07,0,0,1.38074e+07
0,0,0,6.71201e+07,0,2.58546e+07,0,0,1.38074e+07
0,0,0,6.71201e+07,0,2.58567e+07,0,0,1.38074e+07
0,0,0,6.71201e+07,0,2.54868e+07,0,0,1.38074e+07
0,0,0,6.71201e+07,0,2.54888e+07,0,0,1.38074e+07
0,0,0,6.71201e+07,0,2.54908e+07,0,0,1.38074e+07
0,0,0,6.71201e+07,0,2.54928e+07,0,0,1.38074e+07
0,0,0,6.71201e+07,0,2.67864e+07,0,0,1.38074e+07
0,0,0,6.71201e+07,0,2.67885e+07,0,0,1.38074e+07
0,0,0,6.71201e+07,0,2.67906e+07,0,0,1.38074e+07
0,0,0,6.71201e+07,0,2.67927e+07,0,0,1.38074e+07
0,0,0,6.71201e+07,0,2.67948e+07,0,0,1.38074e+07
0,0,0,6.71201e+07,0,2.70425e+07,0,0,1.38074e+07
0,0,0,6.71201e+07,0,2.70446e+07,0,0,1.38074e+07
0,0,0,6.71201e+07,0,2.70467e+07,0,0,1.38074e+07
0,0,0,6.71201e+07,0,2.70488e+07,0,0,1.38074e+07
0,0,0,6.71201e+07,0,2.7697e+07,0,0,1.38074e+07
0,0,0,6.71201e+07,0,2.76992e+07,0,0,1.38074e+07
0,0,0,6.71201e+07,0,2.77014e+07,0,0,1.38074e+07
0,0,0,6.71201e+07,0,2.77036e+07,0,0,1.38074e+07
0,0,0,6.71201e+07,0,2.98221e+07,0,0,1.38074e+07
0,0,0,6.71201e+07,0,2.98245e+07,0,0,1.38074e+07
0,0,0,6.71201e+07,0,2.98268e+07,0,0,1.38074e+07
0,0,0,6.71201e+07,0,2.98292e+07,0,0,1.38074e+07
0,0,0,6.71201e+07,0,2.98315e+07,0,0,1.38074e+07
0,0,0,6.71201e+07,0,2.86601e+07,0,0,1.38074e+07
0,0,0,6.71201e+07,0,2.86624e+07,0,0,1.38074e+07
0,0,0,6.71201e+07,0,2.86647e+07,0,0,1.38074e+07
0,0,0,6.71201e+07,0,2.86669e+07,0,0,1.38074e+07
0,0,0,6.71201e+07,0,2.7641e+07,0,0,1.38074e+07
0,0,0,6.71201e+07,0,2.76432e+07,0,0,1.38074e+07
0,0,0,6.71201e+07,0,2.76454e+07,0,0,1.38074e+07
0,0,0,6.71201e+07,0,2.76475e+07,0,0,1.38074e+07
0,0,0,6.71201e+07,0,2.52255e+07,0,0,1.38074e+07
0,0,0,6.71201e+07,0,2.52275e+07,0,0,1.38074e+07
0,0,0,6.71201e+07,0,2.52295e+07,0,0,1.38074e+07
0,0,0,6.71201e+07,0,2.52315e+07,0,0,1.38074e+07
0,0,0,6.71201e+07,0,2.52335e+07,0,0,1.38074e+07
0,0,0,6.71201e+07,0,2.42349e+07,-998625,998625,1.38074e+07
0,0,0,6.71201e+07,0,2.55231e+07,-515238,515238,1.38074e+07
0,0,0,6.71201e+07,0,2.50097e+07,-1.03055e+06,1.03055e+06,1.38074e+07
0,0,0,6.71201e+07,0,2.34655e+07,-2.57657e+06,2.57657e+06,1.56146e+07
0,0,0,6.71201e+07,0,2.6044e+07,0,0,1.38074e+07
0,0,0,6.71201e+07,0,2.88396e+07,0,0,1.38074e+07
0,0,0,6.71201e+07,0,2.88418e+07,0,0,1.38074e+07
0,0,0,6.71201e+07,0,2.88439e+07,0,0,1.38074e+07
0,0,0,6.71201e+07,0,2.8846e+07,0,0,1.38074e+07
0,0,0,6.71201e+07,0,2.49874e+07,0,0,1.38074e+07
0,0,0,6.71201e+07,0,2.49893e+07,0,0,1.38074e+07
0,0,0,6.71201e+07,0,2.49911e+07,0,0,1.38074e+07
0,0,0,6.71201e+07,0,2.49929e+07,0,0,1.38074e+07
0,0,0,6.71201e+07,0,2.49947e+07,0,0,1.38074e+07
0,0,0,6.71201e+07,0,2.59546e+07,0,0,1.38074e+07
0,0,0,6.71201e+07,0,2.59564e+07,0,0,1.38074e+07
0,0,0,6.71201e+07,0,2.59583e+07,0,0,1.38074e+07
0,0,0,6.71201e+07,0,2.59602e+07,0,0,1.38074e+07
0,0,0,6.71201e+07,0,2.55887e+07,0,0,1.38074e+07
0,0,0,6.71201e+07,0,2.55906e+07,0,0,1.38074e+07
0,0,0,6.71201e+07,0,2.55924e+07,0,0,1.38074e+07
0,0,0,6.71201e+07,0,2.55943e+07,0,0,1.38074e+07
0,0,0,6.71201e+07,0,2.68929e+07,0,0,1.38074e+07
0,0,0,6.71201e+07,0,2.68948e+07,0,0,1.38074e+07
0,0,0,6.71201e+07,0,2.68968e+07,0,0,1.38074e+07
0,0,0,6.71201e+07,0,2.68987e+07,0,0,1.38074e+07
0,0,0,6.71201e+07,0,2.69007e+07,0,0,1.38074e+07
0,0,0,6.71201e+07,0,2.71492e+07,0,0,1.38074e+07
0,0,0,6.71201e+07,0,2.71511e+07,0,0,1.38074e+07
0,0,0,6.71201e+07,0,2.71531e+07,0,0,1.38074e+07
0,0,0,6.71201e+07,0,2.71551e+07,0,0,1.38074e+07
0,0,0,6.71201e+07,0,2.78057e+07,0,0,1.38074e+07
0,0,0,6.71201e+07,0,2.78077e+07,0,0,1.38074e+07
0,0,0,6.71201e+07,0,2.78097e+07,0,0,1.38074e+07
0,0,0,6.71201e+07,0,2.72614e+07,-550331,550331,1.38074e+07
0,0,0,6.71201e+07,0,2.87536e+07,-1.18482e+06,1.18482e+06,1.38074e+07
0,0,0,6.71201e+07,0,2.93481e+07,-592455,592455,1.38074e+07
0,0,0,6.71201e+07,0,2.99428e+07,0,0,1.38074e+07
0,0,0,6.71201e+07,0,2.99449e+07,0,0,1.38074e+07
0,0,0,6.71201e+07,0,2.99471e+07,0,0,1.38074e+07
0,0,0,6.71201e+07,0,2.8771e+07,0,0,1.38074e+07
0,0,0,6.71201e+07,0,2.87731e+07,0,0,1.38074e+07
0,0,0,6.71201e+07,0,2.87752e+07,0,0,1.38074e+07
0,0,0,6.71201e+07,0,2.76384e+07,-1.13887e+06,1.13887e+06,1.38074e+07
0,0,0,6.71201e+07,0,2.71982e+07,-549055,549055,1.38074e+07
0,0,0,6.71201e+07,0,2.66511e+07,-1.09819e+06,1.09819e+06,1.38074e+07
0,0,0,6.71201e+07,0,2.50057e+07,-2.74568e+06,2.74568e+06,1.56146e+07
0,0,0,6.71201e+07,0,2.77534e+07,0,0,1.38074e+07
0,0,0,6.71201e+07,0,2.53219e+07,0,0,1.38074e+07
0,0,0,6.71201e+07,0,2.53238e+07,0,0,1.38074e+07
0,0,0,6.71201e+07,0,2.53256e+07,0,0,1.38074e+07
0,0,0,6.71201e+07,0,2.53275e+07,0,0,1.38074e+07
0,0,0,6.71201e+07,0,2.48281e+07,-501209,501209,1.38074e+07
0,0,0,6.71201e+07,0,2.6137e+07,0,0,1.38074e+07
0,0,0,6.71201e+07,0,2.61388e+07,0,0,1.38074e+07
0,0,0,6.71201e+07,0,2.61405e+07,0,0,1.38074e+07
0,0,0,6.71201e+07,0,2.61423e+07,0,0,1.38074e+07
0,0,0,6.71201e+07,0,2.89483e+07,0,0,1.38074e+07
0,0,0,6.71201e+07,0,2.6086e+07,-2.8643e+06,2.8643e+06,1.56146e+07
0,0,0,6.71201e+07,0,2.60877e+07,-2.86449e+06,2.86449e+06,1.56146e+07
0,0,0,6.71201e+07,0,2.89542e+07,0,0,1.38074e+07
0,0,0,6.71201e+07,0,2.5081e+07,0,0,1.38074e+07
0,0,0,6.71201e+07,0,2.45864e+07,-496329,496329,1.38074e+07
0,0,0,6.71201e+07,0,2.4588e+07,-496362,496362,1.38074e+07
0,0,0,6.71201e+07,0,2.40933e+07,-992791,992791,1.38074e+07
0,0,0,6.71201e+07,0,2.26056e+07,-2.48214e+06,2.48214e+06,1.56146e+07
0,0,0,6.71201e+07,0,2.6051e+07,0,0,1.38074e+07
0,0,0,6.71201e+07,0,2.60527e+07,0,0,1.38074e+07
0,0,0,6.71201e+07,0,2.60545e+07,0,0,1.38074e+07
0,0,0,6.71201e+07,0,2.60562e+07,0,0,1.38074e+07
0,0,0,6.71201e+07,0,2.56832e+07,0,0,1.38074e+07
0,0,0,6.71201e+07,0,2.56849e+07,0,0,1.38074e+07
0,0,0,6.71201e+07,0,2.56866e+07,0,0,1.38074e+07
0,0,0,6.71201e+07,0,2.56884e+07,0,0,1.38074e+07
0,0,0,6.71201e+07,0,2.69915e+07,0,0,1.38074e+07
0,0,0,6.71201e+07,0,2.69933e+07,0,0,1.38074e+07
0,0,0,6.71201e+07,0,2.69951e+07,0,0,1.38074e+07
0,0,0,6.71201e+07,0,2.6997e+07,0,0,1.38074e+07
0,0,0,6.71201e+07,0,2.69988e+07,0,0,1.38074e+07
0,0,0,6.71201e+07,0,2.7248e+07,0,0,1.38074e+07
0,0,0,6.71201e+07,0,2.72498e+07,0,0,1.38074e+07
0,0,0,6.71201e+07,0,2.72516e+07,0,0,1.38074e+07
0,0,0,6.71201e+07,0,2.72534e+07,0,0,1.38074e+07
0,0,0,6.71201e+07,0,2.79062e+07,0,0,1.38074e+07
0,0,0,6.71201e+07,0,2.79081e+07,0,0,1.38074e+07
0,0,0,6.71201e+07,0,2.791e+07,0,0,1.38074e+07
0,0,0,6.71201e+07,0,2.79118e+07,0,0,1.38074e+07
0,0,0,6.71201e+07,0,3.0046e+07,0,0,1.38074e+07
0,0,0,6.71201e+07,0,3.0048e+07,0,0,1.38074e+07
0,0,0,6.71201e+07,0,2.88607e+07,-1.18924e+06,1.18924e+06,1.38074e+07
0,0,0,6.71201e+07,0,2.88627e+07,-1.18932e+06,1.18932e+06,1.38074e+07
0,0,0,6.71201e+07,0,2.70805e+07,-2.9735e+06,2.9735e+06,1.56146e+07
0,0,0,6.71201e+07,0,2.77309e+07,-1.14268e+06,1.14268e+06,1.38074e+07
0,0,0,6.71201e+07,0,2.60186e+07,-2.8569e+06,2.8569e+06,1.56146e+07
0,0,0,6.71201e+07,0,2.60203e+07,-2.85709e+06,2.85709e+06,1.56146e+07
0,0,0,6.71201e+07,0,2.60221e+07,-2.85728e+06,2.85728e+06,1.56146e+07
0,0,0,6.71201e+07,0,2.50905e+07,-2.75499e+06,2.75499e+06,1.56146e+07
0,0,0,6.71201e+07,0,2.50922e+07,-2.75518e+06,2.75518e+06,1.56146e+07
0,0,0,6.71201e+07,0,2.50939e+07,-2.75536e+06,2.75536e+06,1.56146e+07
0,0,0,6.71201e+07,0,2.50956e+07,-2.75555e+06,2.75555e+06,1.56146e+07
0,0,0,6.71201e+07,0,2.28968e+07,-2.51412e+06,2.51412e+06,1.56146e+07
0,0,0,6.71201e+07,0,2.28984e+07,-2.51429e+06,2.51429e+06,1.56146e+07
0,0,0,6.71201e+07,0,2.28999e+07,-2.51446e+06,2.51446e+06,1.56146e+07
0,0,0,6.71201e+07,0,2.29015e+07,-2.51463e+06,2.51463e+06,1.56146e+07
0,0,0,6.71201e+07,0,2.2903e+07,-2.5148e+06,2.5148e+06,1.56146e+07
0,0,0,6.71201e+07,0,2.36332e+07,-2.59498e+06,2.59498e+06,1.56146e+07
0,0,0,6.71201e+07,0,2.36347e+07,-2.59514e+06,2.59514e+06,1.56146e+07
0,0,0,6.71201e+07,0,2.36361e+07,-2.5953e+06,2.5953e+06,1.56146e+07
0,0,0,6.71201e+07,0,2.36376e+07,-2.59545e+06,2.59545e+06,1.56146e+07
0,0,0,6.71201e+07,0,2.61746e+07,-2.87403e+06,2.87403e+06,1.56146e+07
0,0,0,6.71201e+07,0,2.61762e+07,-2.8742e+06,2.8742e+06,1.56146e+07
0,0,0,6.71201e+07,0,2.79024e+07,-1.14975e+06,1.14975e+06,1.38074e+07
0,0,0,6.71201e+07,0,2.61794e+07,-2.87455e+06,2.87455e+06,1.56146e+07
0,0,0,6.71201e+07,0,2.51673e+07,0,0,1.38074e+07
0,0,0,6.71201e+07,0,2.51689e+07,0,0,1.38074e+07
0,0,0,6.71201e+07,0,2.51704e+07,0,0,1.38074e+07
0,0,0,6.71201e+07,0,2.46738e+07,-498095,498095,1.38074e+07
0,0,0,6.71201e+07,0,2.46754e+07,-498125,498125,1.38074e+07
0,0,0,6.71201e+07,0,2.35536e+07,-2.58624e+06,2.58624e+06,1.56146e+07
0,0,0,6.71201e+07,0,2.61415e+07,0,0,1.38074e+07
0,0,0,6.71201e+07,0,2.61431e+07,0,0,1.38074e+07
0,0,0,6.71201e+07,0,2.61447e+07,0,0,1.38074e+07
0,0,0,6.71201e+07,0,2.57702e+07,0,0,1.38074e+07
0,0,0,6.71201e+07,0,2.57718e+07,0,0,1.38074e+07
0,0,0,6.71201e+07,0,2.57734e+07,0,0,1.38074e+07
0,0,0,6.71201e+07,0,2.5775e+07,0,0,1.38074e+07
0,0,0,6.71201e+07,0,2.70824e+07,0,0,1.38074e+07
0,0,0,6.71201e+07,0,2.7084e+07,0,0,1.38074e+07
0,0,0,6.71201e+07,0,2.70857e+07,0,0,1.38074e+07
0,0,0,6.71201e+07,0,2.70874e+07,0,0,1.38074e+07
0,0,0,6.71201e+07,0,2.7089e+07,0,0,1.38074e+07
0,0,0,6.71201e+07,0,2.73389e+07,0,0,1.38074e+07
0,0,0,6.71201e+07,0,2.73406e+07,0,0,1.38074e+07
0,0,0,6.71201e+07,0,2.73422e+07,0,0,1.38074e+07
0,0,0,6.71201e+07,0,2.73439e+07,0,0,1.38074e+07
0,0,0,6.71201e+07,0,2.79987e+07,0,0,1.38074e+07
0,0,0,6.71201e+07,0,2.80004e+07,0,0,1.38074e+07
0,0,0,6.71201e+07,0,2.80021e+07,0,0,1.38074e+07
0,0,0,6.71201e+07,0,2.80039e+07,0,0,1.38074e+07
0,0,0,6.71201e+07,0,3.01448e+07,0,0,1.38074e+07
0,0,0,6.71201e+07,0,2.7164e+07,-2.98267e+06,2.98267e+06,1.56146e+07
0,0,0,6.71201e+07,0,2.71657e+07,-2.98285e+06,2.98285e+06,1.56146e+07
0,0,0,6.71201e+07,0,2.89572e+07,-1.19321e+06,1.19321e+06,1.38074e+07
0,0,0,6.71201e+07,0,2.89589e+07,-1.19329e+06,1.19329e+06,1.38074e+07
0,0,0,6.71201e+07,0,2.83945e+07,-573205,573205,1.38074e+07
0,0,0,6.71201e+07,0,2.61033e+07,-2.8662e+06,2.8662e+06,1.56146e+07
0,0,0,6.71201e+07,0,2.61049e+07,-2.86638e+06,2.86638e+06,1.56146e+07
0,0,0,6.71201e+07,0,2.61065e+07,-2.86655e+06,2.86655e+06,1.56146e+07
0,0,0,6.71201e+07,0,2.51718e+07,-2.76392e+06,2.76392e+06,1.56146e+07
0,0,0,6.71201e+07,0,2.51733e+07,-2.76409e+06,2.76409e+06,1.56146e+07
0,0,0,6.71201e+07,0,2.51749e+07,-2.76426e+06,2.76426e+06,1.56146e+07
0,0,0,6.71201e+07,0,2.51764e+07,-2.76443e+06,2.76443e+06,1.56146e+07
0,0,0,6.71201e+07,0,2.49882e+07,-504442,504442,1.38074e+07
0,0,0,6.71201e+07,0,2.49898e+07,-504473,504473,1.38074e+07
0,0,0,6.71201e+07,0,2.54958e+07,0,0,1.38074e+07
0,0,0,6.71201e+07,0,2.54974e+07,0,0,1.38074e+07
0,0,0,6.71201e+07,0,2.54989e+07,0,0,1.38074e+07
0,0,0,6.71201e+07,0,2.63118e+07,0,0,1.38074e+07
0,0,0,6.71201e+07,0,2.63132e+07,0,0,1.38074e+07
0,0,0,6.71201e+07,0,2.63147e+07,0,0,1.38074e+07
0,0,0,6.71201e+07,0,2.63162e+07,0,0,1.38074e+07
0,0,0,6.71201e+07,0,2.91405e+07,0,0,1.38074e+07
0,0,0,6.71201e+07,0,2.91422e+07,0,0,1.38074e+07
0,0,0,6.71201e+07,0,2.91438e+07,0,0,1.38074e+07
0,0,0,6.71201e+07,0,2.91454e+07,0,0,1.38074e+07
0,0,0,6.71201e+07,0,2.52464e+07,0,0,1.38074e+07
0,0,0,6.71201e+07,0,2.52478e+07,0,0,1.38074e+07
0,0,0,6.71201e+07,0,2.52492e+07,0,0,1.38074e+07
0,0,0,6.71201e+07,0,2.52506e+07,0,0,1.38074e+07
0,0,0,6.71201e+07,0,2.5252e+07,0,0,1.38074e+07
0,0,0,6.71201e+07,0,2.62213e+07,0,0,1.38074e+07
0,0,0,6.71201e+07,0,2.62227e+07,0,0,1.38074e+07
0,0,0,6.71201e+07,0,2.62242e+07,0,0,1.38074e+07
0,0,0,6.71201e+07,0,2.62256e+07,0,0,1.38074e+07
0,0,0,6.71201e+07,0,2.58499e+07,0,0,1.38074e+07
0,0,0,6.71201e+07,0,2.58513e+07,0,0,1.38074e+07
0,0,0,6.71201e+07,0,2.58528e+07,0,0,1.38074e+07
0,0,0,6.71201e+07,0,2.58542e+07,0,0,1.38074e+07
0,0,0,6.71201e+07,0,2.71655e+07,0,0,1.38074e+07
0,0,0,6.71201e+07,0,2.7167e+07,0,0,1.38074e+07
0,0,0,6.71201e+07,0,2.71685e+07,0,0,1.38074e+07
0,0,0,6.71201e+07,0,2.717e+07,0,0,1.38074e+07
0,0,0,6.71201e+07,0,2.71715e+07,0,0,1.38074e+07
0,0,0,6.71201e+07,0,2.7422e+07,0,0,1.38074e+07
0,0,0,6.71201e+07,0,2.74235e+07,0,0,1.38074e+07
0,0,0,6.71201e+07,0,2.74251e+07,0,0,1.38074e+07
0,0,0,6.71201e+07,0,2.74266e+07,0,0,1.38074e+07
0,0,0,6.71201e+07,0,2.80832e+07,0,0,1.38074e+07
0,0,0,6.71201e+07,0,2.80848e+07,0,0,1.38074e+07
0,0,0,6.71201e+07,0,2.80863e+07,0,0,1.38074e+07
0,0,0,6.71201e+07,0,2.80879e+07,0,0,1.38074e+07
0,0,0,6.71201e+07,0,3.02351e+07,0,0,1.38074e+07
0,0,0,6.71201e+07,0,3.02368e+07,0,0,1.38074e+07
0,0,0,6.71201e+07,0,3.02385e+07,0,0,1.38074e+07
0,0,0,6.71201e+07,0,3.02402e+07,0,0,1.38074e+07
0,0,0,6.71201e+07,0,3.02419e+07,0,0,1.38074e+07
0,0,0,6.71201e+07,0,2.90537e+07,0,0,1.38074e+07
0,0,0,6.71201e+07,0,2.90553e+07,0,0,1.38074e+07
0,0,0,6.71201e+07,0,2.90569e+07,0,0,1.38074e+07
0,0,0,6.71201e+07,0,2.90585e+07,0,0,1.38074e+07
0,0,0,6.71201e+07,0,2.8018e+07,0,0,1.38074e+07
0,0,0,6.71201e+07,0,2.80195e+07,0,0,1.38074e+07
0,0,0,6.71201e+07,0,2.80211e+07,0,0,1.38074e+07
0,0,0,6.71201e+07,0,2.80226e+07,0,0,1.38074e+07
0,0,0,6.71201e+07,0,2.55672e+07,0,0,1.38074e+07
0,0,0,6.71201e+07,0,2.55686e+07,0,0,1.38074e+07
0,0,0,6.71201e+07,0,2.557e+07,0,0,1.38074e+07
0,0,0,6.71201e+07,0,2.55714e+07,0,0,1.38074e+07
0,0,0,6.71201e+07,0,2.55729e+07,0,0,1.38074e+07
0,0,0,6.71201e+07,0,2.63879e+07,0,0,1.38074e+07
0,0,0,6.71201e+07,0,2.63892e+07,0,0,1.38074e+07
0,0,0,6.71201e+07,0,2.63906e+07,0,0,1.38074e+07
0,0,0,6.71201e+07,0,2.63919e+07,0,0,1.38074e+07
0,0,0,6.71201e+07,0,2.92242e+07,0,0,1.38074e+07
0,0,0,6.71201e+07,0,2.92257e+07,0,0,1.38074e+07
0,0,0,6.71201e+07,0,2.92271e+07,0,0,1.38074e+07
0,0,0,6.71201e+07,0,2.92286e+07,0,0,1.38074e+07
0,0,0,6.71201e+07,0,2.53183e+07,0,0,1.38074e+07
0,0,0,6.71201e+07,0,2.53196e+07,0,0,1.38074e+07
0,0,0,6.71201e+07,0,2.53208e+07,0,0,1.38074e+07
0,0,0,6.71201e+07,0,2.53221e+07,0,0,1.38074e+07
0,0,0,6.71201e+07,0,2.53234e+07,0,0,1.38074e+07
0,0,0,6.71201e+07,0,2.62952e+07,0,0,1.38074e+07
0,0,0,6.71201e+07,0,2.62965e+07,0,0,1.38074e+07
0,0,0,6.71201e+07,0,2.62979e+07,0,0,1.38074e+07
0,0,0,6.71201e+07,0,2.62992e+07,0,0,1.38074e+07
0,0,0,6.71201e+07,0,2.59222e+07,0,0,1.38074e+07
0,0,0,6.71201e+07,0,2.59235e+07,0,0,1.38074e+07
0,0,0,6.71201e+07,0,2.59248e+07,0,0,1.38074e+07
0,0,0,6.71201e+07,0,2.59261e+07,0,0,1.38074e+07
0,0,0,6.71201e+07,0,2.72409e+07,0,0,1.38074e+07
0,0,0,6.71201e+07,0,2.72422e+07,0,0,1.38074e+07
0,0,0,6.71201e+07,0,2.72436e+07,0,0,1.38074e+07
0,0,0,6.71201e+07,0,2.7245e+07,0,0,1.38074e+07
0,0,0,6.71201e+07,0,2.72463e+07,0,0,1.38074e+07
0,0,0,6.71201e+07,0,2.74974e+07,0,0,1.38074e+07
0,0,0,6.71201e+07,0,2.74987e+07,0,0,1.38074e+07
0,0,0,6.71201e+07,0,2.75001e+07,0,0,1.38074e+07
0,0,0,6.71201e+07,0,2.75015e+07,0,0,1.38074e+07
0,0,0,6.71201e+07,0,2.81597e+07,0,0,1.38074e+07
0,0,0,6.71201e+07,0,2.81611e+07,0,0,1.38074e+07
0,0,0,6.71201e+07,0,2.81626e+07,0,0,1.38074e+07
0,0,0,6.71201e+07,0,2.8164e+07,0,0,1.38074e+07
0,0,0,6.71201e+07,0,3.03168e+07,0,0,1.38074e+07
0,0,0,6.71201e+07,0,3.03184e+07,0,0,1.38074e+07
0,0,0,6.71201e+07,0,3.03199e+07,0,0,1.38074e+07
0,0,0,6.71201e+07,0,3.03214e+07,0,0,1.38074e+07
0,0,0,6.71201e+07,0,3.03229e+07,0,0,1.38074e+07
0,0,0,6.71201e+07,0,2.91314e+07,0,0,1.38074e+07
0,0,0,6.71201e+07,0,2.91329e+07,0,0,1.38074e+07
0,0,0,6.71201e+07,0,2.91343e+07,0,0,1.38074e+07
0,0,0,6.71201e+07,0,2.91358e+07,0,0,1.38074e+07
0,0,0,6.71201e+07,0,2.80923e+07,0,0,1.38074e+07
0,0,0,6.71201e+07,0,2.80937e+07,0,0,1.38074e+07
0,0,0,6.71201e+07,0,2.80951e+07,0,0,1.38074e+07
0,0,0,6.71201e+07,0,2.80965e+07,0,0,1.38074e+07
0,0,0,6.71201e+07,0,2.56344e+07,0,0,1.38074e+07
0,0,0,6.71201e+07,0,2.56357e+07,0,0,1.38074e+07
0,0,0,6.71201e+07,0,2.5637e+07,0,0,1.38074e+07
0,0,0,6.71201e+07,0,2.56383e+07,0,0,1.38074e+07
0,0,0,6.71201e+07,0,2.56396e+07,0,0,1.38074e+07
0,0,0,6.71201e+07,0,2.64566e+07,0,0,1.38074e+07
0,0,0,6.71201e+07,0,2.64578e+07,0,0,1.38074e+07
0,0,0,6.71201e+07,0,2.64589e+07,0,0,1.38074e+07
0,0,0,6.71201e+07,0,2.64601e+07,0,0,1.38074e+07
0,0,0,6.71201e+07,0,2.92996e+07,0,0,1.38074e+07
0,0,0,6.71201e+07,0,2.93009e+07,0,0,1.38074e+07
0,0,0,6.71201e+07,0,2.93022e+07,0,0,1.38074e+07
0,0,0,6.71201e+07,0,2.93035e+07,0,0,1.38074e+07
0,0,0,6.71201e+07,0,2.53831e+07,0,0,1.38074e+07
0,0,0,6.71201e+07,0,2.53842e+07,0,0,1.38074e+07
0,0,0,6.71201e+07,0,2.53853e+07,0,0,1.38074e+07
0,0,0,6.71201e+07,0,2.53864e+07,0,0,1.38074e+07
0,0,0,6.71201e+07,0,2.53876e+07,0,0,1.38074e+07
0,0,0,6.71201e+07,0,2.63617e+07,0,0,1.38074e+07
0,0,0,6.71201e+07,0,2.63629e+07,0,0,1.38074e+07
0,0,0,6.71201e+07,0,2.63641e+07,0,0,1.38074e+07
0,0,0,6.71201e+07,0,2.63653e+07,0,0,1.38074e+07
0,0,0,6.71201e+07,0,2.59872e+07,0,0,1.38074e+07
0,0,0,6.71201e+07,0,2.59884e+07,0,0,1.38074e+07
0,0,0,6.71201e+07,0,2.59895e+07,0,0,1.38074e+07
0,0,0,6.71201e+07,0,2.59907e+07,0,0,1.38074e+07
0,0,0,6.71201e+07,0,2.73086e+07,0,0,1.38074e+07
0,0,0,6.71201e+07,0,2.73098e+07,0,0,1.38074e+07
0,0,0,6.71201e+07,0,2.7311e+07,0,0,1.38074e+07
0,0,0,6.71201e+07,0,2.73122e+07,0,0,1.38074e+07
0,0,0,6.71201e+07,0,2.73134e+07,0,0,1.38074e+07
0,0,0,6.71201e+07,0,2.75649e+07,0,0,1.38074e+07
0,0,0,6.71201e+07,0,2.75661e+07,0,0,1.38074e+07
0,0,0,6.71201e+07,0,2.75674e+07,0,0,1.38074e+07
0,0,0,6.71201e+07,0,2.75686e+07,0,0,1.38074e+07
0,0,0,6.71201e+07,0,2.82283e+07,0,0,1.38074e+07
0,0,0,6.71201e+07,0,2.82295e+07,0,0,1.38074e+07
0,0,0,6.71201e+07,0,2.82308e+07,0,0,1.38074e+07
0,0,0,6.71201e+07,0,2.8232e+07,0,0,1.38074e+07
0,0,0,6.71201e+07,0,3.039e+07,0,0,1.38074e+07
0,0,0,6.71201e+07,0,3.03913e+07,0,0,1.38074e+07
0,0,0,6.71201e+07,0,3.03927e+07,0,0,1.38074e+07
0,0,0,6.71201e+07,0,3.0394e+07,0,0,1.38074e+07
0,0,0,6.71201e+07,0,3.03954e+07,0,0,1.38074e+07
0,0,0,6.71201e+07,0,2.92008e+07,0,0,1.38074e+07
0,0,0,6.71201e+07,0,2.92021e+07,0,0,1.38074e+07
0,0,0,6.71201e+07,0,2.92034e+07,0,0,1.38074e+07
0,0,0,6.71201e+07,0,2.92047e+07,0,0,1.38074e+07
0,0,0,6.71201e+07,0,2.81586e+07,0,0,1.38074e+07
0,0,0,6.71201e+07,0,2.81599e+07,0,0,1.38074e+07
0,0,0,6.71201e+07,0,2.81611e+07,0,0,1.38074e+07
0,0,0,6.71201e+07,0,2.81624e+07,0,0,1.38074e+07
0,0,0,6.71201e+07,0,2.56944e+07,0,0,1.38074e+07
0,0,0,6.71201e+07,0,2.56955e+07,0,0,1.38074e+07
0,0,0,6.71201e+07,0,2.56967e+07,0,0,1.38074e+07
0,0,0,6.71201e+07,0,2.56978e+07,0,0,1.38074e+07
0,0,0,6.71201e+07,0,2.56989e+07,0,0,1.38074e+07
0,0,0,6.71201e+07,0,2.56989e+07,0,0,1.38074e+07
0,0,0,6.71201e+07,0,2.65177e+07,0,0,1.38074e+07
0,0,0,6.71201e+07,0,2.65187e+07,0,0,1.38074e+07
0,0,0,6.71201e+07,0,2.65198e+07,0,0,1.38074e+07
0,0,0,6.71201e+07,0,2.65208e+07,0,0,1.38074e+07
0,0,0,6.71201e+07,0,2.93666e+07,0,0,1.38074e+07
0,0,0,6.71201e+07,0,2.93678e+07,0,0,1.38074e+07
0,0,0,6.71201e+07,0,2.93689e+07,0,0,1.38074e+07
0,0,0,6.71201e+07,0,2.93701e+07,0,0,1.38074e+07
0,0,0,6.71201e+07,0,2.54406e+07,0,0,1.38074e+07
0,0,0,6.71201e+07,0,2.54416e+07,0,0,1.38074e+07
0,0,0,6.71201e+07,0,2.54426e+07,0,0,1.38074e+07
0,0,0,6.71201e+07,0,2.54436e+07,0,0,1.38074e+07
0,0,0,6.71201e+07,0,2.54445e+07,0,0,1.38074e+07
0,0,0,6.71201e+07,0,2.64207e+07,0,0,1.38074e+07
0,0,0,6.71201e+07,0,2.64218e+07,0,0,1.38074e+07
0,0,0,6.71201e+07,0,2.64228e+07,0,0,1.38074e+07
0,0,0,6.71201e+07,0,2.64238e+07,0,0,1.38074e+07
0,0,0,6.71201e+07,0,2.60448e+07,0,0,1.38074e+07
0,0,0,6.71201e+07,0,2.60458e+07,0,0,1.38074e+07
0,0,0,6.71201e+07,0,2.60468e+07,0,0,1.38074e+07
0,0,0,6.71201e+07,0,2.60478e+07,0,0,1.38074e+07
0,0,0,6.71201e+07,0,2.73685e+07,0,0,1.38074e+07
0,0,0,6.71201e+07,0,2.73695e+07,0,0,1.38074e+07
0,0,0,6.71201e+07,0,2.73706e+07,0,0,1.38074e+07
0,0,0,6.71201e+07,0,2.73717e+07,0,0,1.38074e+07
0,0,0,6.71201e+07,0,2.73727e+07,0,0,1.38074e+07
0,0,0,6.71201e+07,0,2.76246e+07,0,0,1.38074e+07
0,0,0,6.71201e+07,0,2.76257e+07,0,0,1.38074e+07
0,0,0,6.71201e+07,0,2.76268e+07,0,0,1.38074e+07
0,0,0,6.71201e+07,0,2.76278e+07,0,0,1.38074e+07
0,0,0,6.71201e+07,0,2.82888e+07,0,0,1.38074e+07
0,0,0,6.71201e+07,0,2.82899e+07,0,0,1.38074e+07
0,0,0,6.71201e+07,0,2.8291e+07,0,0,1.38074e+07
0,0,0,6.71201e+07,0,2.82921e+07,0,0,1.38074e+07
0,0,0,6.71201e+07,0,3.04544e+07,0,0,1.38074e+07
0,0,0,6.71201e+07,0,3.04556e+07,0,0,1.38074e+07
0,0,0,6.71201e+07,0,3.04568e+07,0,0,1.38074e+07
0,0,0,6.71201e+07,0,3.0458e+07,0,0,1.38074e+07
0,0,0,6.71201e+07,0,3.04592e+07,0,0,1.38074e+07
0,0,0,6.71201e+07,0,2.9262e+07,0,0,1.38074e+07
0,0,0,6.71201e+07,0,2.92631e+07,0,0,1.38074e+07
0,0,0,6.71201e+07,0,2.92642e+07,0,0,1.38074e+07
0,0,0,6.71201e+07,0,2.92654e+07,0,0,1.38074e+07
0,0,0,6.71201e+07,0,2.82169e+07,0,0,1.38074e+07
0,0,0,6.71201e+07,0,2.8218e+07,0,0,1.38074e+07
0,0,0,6.71201e+07,0,2.82191e+07,0,0,1.38074e+07
0,0,0,6.71201e+07,0,2.82202e+07,0,0,1.38074e+07
0,0,0,6.71201e+07,0,2.5747e+07,0,0,1.38074e+07
0,0,0,6.71201e+07,0,2.5748e+07,0,0,1.38074e+07
0,0,0,6.71201e+07,0,2.5749e+07,0,0,1.38074e+07
0,0,0,6.71201e+07,0,2.575e+07,0,0,1.38074e+07
0,0,0,6.71201e+07,0,2.5751e+07,0,0,1.38074e+07
0,0,0,6.71201e+07,0,2.65713e+07,0,0,1.38074e+07
0,0,0,6.71201e+07,0,2.65722e+07,0,0,1.38074e+07
0,0,0,6.71201e+07,0,2.65731e+07,0,0,1.38074e+07
0,0,0,6.71201e+07,0,2.6574e+07,0,0,1.38074e+07
0,0,0,6.71201e+07,0,2.94254e+07,0,0,1.38074e+07
0,0,0,6.71201e+07,0,2.94263e+07,0,0,1.38074e+07
0,0,0,6.71201e+07,0,2.94273e+07,0,0,1.38074e+07
0,0,0,6.71201e+07,0,2.94283e+07,0,0,1.38074e+07
0,0,0,6.71201e+07,0,2.54909e+07,0,0,1.38074e+07
0,0,0,6.71201e+07,0,2.54917e+07,0,0,1.38074e+07
0,0,0,6.71201e+07,0,2.54926e+07,0,0,1.38074e+07
0,0,0,6.71201e+07,0,2.54934e+07,0,0,1.38074e+07
0,0,0,6.71201e+07,0,2.54943e+07,0,0,1.38074e+07
0,0,0,6.71201e+07,0,2.64723e+07,0,0,1.38074e+07
0,0,0,6.71201e+07,0,2.64732e+07,0,0,1.38074e+07
0,0,0,6.71201e+07,0,2.6474e+07,0,0,1.38074e+07
0,0,0,6.71201e+07,0,2.64749e+07,0,0,1.38074e+07
0,0,0,6.71201e+07,0,2.6095e+07,0,0,1.38074e+07
0,0,0,6.71201e+07,0,2.60959e+07,0,0,1.38074e+07
0,0,0,6.71201e+07,0,2.60968e+07,0,0,1.38074e+07
0,0,0,6.71201e+07,0,2.60976e+07,0,0,1.38074e+07
0,0,0,6.71201e+07,0,2.74206e+07,0,0,1.38074e+07
0,0,0,6.71201e+07,0,2.74216e+07,0,0,1.38074e+07
0,0,0,6.71201e+07,0,2.74225e+07,0,0,1.38074e+07
0,0,0,6.71201e+07,0,2.74234e+07,0,0,1.38074e+07
0,0,0,6.71201e+07,0,2.74243e+07,0,0,1.38074e+07
0,0,0,6.71201e+07,0,2.76765e+07,0,0,1.38074e+07
0,0,0,6.71201e+07,0,2.76774e+07,0,0,1.38074e+07
0,0,0,6.71201e+07,0,2.76784e+07,0,0,1.38074e+07
0,0,0,6.71201e+07,0,2.76793e+07,0,0,1.38074e+07
0,0,0,6.71201e+07,0,2.83413e+07,0,0,1.38074e+07
0,0,0,6.71201e+07,0,2.83423e+07,0,0,1.38074e+07
0,0,0,6.71201e+07,0,2.83432e+07,0,0,1.38074e+07
0,0,0,6.71201e+07,0,2.83442e+07,0,0,1.38074e+07
0,0,0,6.71201e+07,0,3.05103e+07,0,0,1.38074e+07
0,0,0,6.71201e+07,0,3.05113e+07,0,0,1.38074e+07
0,0,0,6.71201e+07,0,3.05124e+07,0,0,1.38074e+07
0,0,0,6.71201e+07,0,3.05134e+07,0,0,1.38074e+07
0,0,0,6.71201e+07,0,3.05144e+07,0,0,1.38074e+07
0,0,0,6.71201e+07,0,2.93149e+07,0,0,1.38074e+07
0,0,0,6.71201e+07,0,2.93158e+07,0,0,1.38074e+07
0,0,0,6.71201e+07,0,2.93168e+07,0,0,1.38074e+07
0,0,0,6.71201e+07,0,2.93178e+07,0,0,1.38074e+07
0,0,0,6.71201e+07,0,2.82673e+07,0,0,1.38074e+07
0,0,0,6.71201e+07,0,2.82683e+07,0,0,1.38074e+07
0,0,0,6.71201e+07,0,2.82692e+07,0,0,1.38074e+07
0,0,0,6.71201e+07,0,2.82702e+07,0,0,1.38074e+07
0,0,0,6.71201e+07,0,2.57924e+07,0,0,1.38074e+07
0,0,0,6.71201e+07,0,2.57933e+07,0,0,1.38074e+07
0,0,0,6.71201e+07,0,2.57942e+07,0,0,1.38074e+07
0,0,0,6.71201e+07,0,2.5795e+07,0,0,1.38074e+07
0,0,0,6.71201e+07,0,2.57959e+07,0,0,1.38074e+07
0,0,0,6.71201e+07,0,2.66174e+07,0,0,1.38074e+07
0,0,0,6.71201e+07,0,2.66182e+07,0,0,1.38074e+07
0,0,0,6.71201e+07,0,2.66189e+07,0,0,1.38074e+07
0,0,0,6.71201e+07,0,2.66197e+07,0,0,1.38074e+07
0,0,0,6.71201e+07,0,2.94758e+07,0,0,1.38074e+07
0,0,0,6.71201e+07,0,2.94766e+07,0,0,1.38074e+07
0,0,0,6.71201e+07,0,2.94775e+07,0,0,1.38074e+07
0,0,0,6.71201e+07,0,2.94783e+07,0,0,1.38074e+07
0,0,0,6.71201e+07,0,2.5534e+07,0,0,1.38074e+07
0,0,0,6.71201e+07,0,2.55348e+07,0,0,1.38074e+07
0,0,0,6.71201e+07,0,2.55355e+07,0,0,1.38074e+07
0,0,0,6.71201e+07,0,2.55362e+07,0,0,1.38074e+07
0,0,0,6.71201e+07,0,2.55369e+07,0,0,1.38074e+07
0,0,0,6.71201e+07,0,2.65164e+07,0,0,1.38074e+07
0,0,0,6.71201e+07,0,2.65171e+07,0,0,1.38074e+07
0,0,0,6.71201e+07,0,2.65178e+07,0,0,1.38074e+07
0,0,0,6.71201e+07,0,2.65186e+07,0,0,1.38074e+07
0,0,0,6.71201e+07,0,2.61379e+07,0,0,1.38074e+07
0,0,0,6.71201e+07,0,2.61386e+07,0,0,1.38074e+07
0,0,0,6.71201e+07,0,2.61394e+07,0,0,1.38074e+07
0,0,0,6.71201e+07,0,2.61401e+07,0,0,1.38074e+07
0,0,0,6.71201e+07,0,2.74651e+07,0,0,1.38074e+07
0,0,0,6.71201e+07,0,2.74659e+07,0,0,1.38074e+07
0,0,0,6.71201e+07,0,2.74667e+07,0,0,1.38074e+07
0,0,0,6.71201e+07,0,2.74674e+07,0,0,1.38074e+07
0,0,0,6.71201e+07,0,2.74682e+07,0,0,1.38074e+07
0,0,0,6.71201e+07,0,2.77207e+07,0,0,1.38074e+07
0,0,0,6.71201e+07,0,2.77214e+07,0,0,1.38074e+07
0,0,0,6.71201e+07,0,2.77222e+07,0,0,1.38074e+07
0,0,0,6.71201e+07,0,2.7723e+07,0,0,1.38074e+07
0,0,0,6.71201e+07,0,2.83859e+07,0,0,1.38074e+07
0,0,0,6.71201e+07,0,2.83867e+07,0,0,1.38074e+07
0,0,0,6.71201e+07,0,2.83875e+07,0,0,1.38074e+07
0,0,0,6.71201e+07,0,2.83883e+07,0,0,1.38074e+07
0,0,0,6.71201e+07,0,3.05576e+07,0,0,1.38074e+07
0,0,0,6.71201e+07,0,3.05585e+07,0,0,1.38074e+07
0,0,0,6.71201e+07,0,3.05594e+07,0,0,1.38074e+07
0,0,0,6.71201e+07,0,3.05602e+07,0,0,1.38074e+07
0,0,0,6.71201e+07,0,3.05611e+07,0,0,1.38074e+07
0,0,0,6.71201e+07,0,2.93595e+07,0,0,1.38074e+07
0,0,0,6.71201e+07,0,2.93604e+07,0,0,1.38074e+07
0,0,0,6.71201e+07,0,2.93612e+07,0,0,1.38074e+07
0,0,0,6.71201e+07,0,2.9362e+07,0,0,1.38074e+07
0,0,0,6.71201e+07,0,2.83098e+07,0,0,1.38074e+07
0,0,0,6.71201e+07,0,2.83106e+07,0,0,1.38074e+07
0,0,0,6.71201e+07,0,2.83114e+07,0,0,1.38074e+07
0,0,0,6.71201e+07,0,2.83122e+07,0,0,1.38074e+07
0,0,0,6.71201e+07,0,2.58306e+07,0,0,1.38074e+07
0,0,0,6.71201e+07,0,2.58313e+07,0,0,1.38074e+07
0,0,0,6.71201e+07,0,2.58321e+07,0,0,1.38074e+07
0,0,0,6.71201e+07,0,2.58328e+07,0,0,1.38074e+07
0,0,0,6.71201e+07,0,2.58335e+07,0,0,1.38074e+07
0,0,0,6.71201e+07,0,2.66561e+07,0,0,1.38074e+07
0,0,0,6.71201e+07,0,2.66567e+07,0,0,1.38074e+07
0,0,0,6.71201e+07,0,2.66573e+07,0,0,1.38074e+07
0,0,0,6.71201e+07,0,2.66579e+07,0,0,1.38074e+07
0,0,0,6.71201e+07,0,2.9518e+07,0,0,1.38074e+07
0,0,0,6.71201e+07,0,2.95186e+07,0,0,1.38074e+07
0,0,0,6.71201e+07,0,2.95193e+07,0,0,1.38074e+07
0,0,0,6.71201e+07,0,2.952e+07,0,0,1.38074e+07
0,0,0,6.71201e+07,0,2.557e+07,0,0,1.38074e+07
0,0,0,6.71201e+07,0,2.55706e+07,0,0,1.38074e+07
0,0,0,6.71201e+07,0,2.55712e+07,0,0,1.38074e+07
0,0,0,6.71201e+07,0,2.55717e+07,0,0,1.38074e+07
0,0,0,6.71201e+07,0,2.55723e+07,0,0,1.38074e+07
0,0,0,6.71201e+07,0,2.6553e+07,0,0,1.38074e+07
0,0,0,6.71201e+07,0,2.65536e+07,0,0,1.38074e+07
0,0,0,6.71201e+07,0,2.65542e+07,0,0,1.38074e+07
0,0,0,6.71201e+07,0,2.65548e+07,0,0,1.38074e+07
0,0,0,6.71201e+07,0,2.61734e+07,0,0,1.38074e+07
0,0,0,6.71201e+07,0,2.6174e+07,0,0,1.38074e+07
0,0,0,6.71201e+07,0,2.61746e+07,0,0,1.38074e+07
0,0,0,6.71201e+07,0,2.61752e+07,0,0,1.38074e+07
0,0,0,6.71201e+07,0,2.75018e+07,0,0,1.38074e+07
0,0,0,6.71201e+07,0,2.75025e+07,0,0,1.38074e+07
0,0,0,6.71201e+07,0,2.75031e+07,0,0,1.38074e+07
0,0,0,6.71201e+07,0,2.75037e+07,0,0,1.38074e+07
0,0,0,6.71201e+07,0,2.75043e+07,0,0,1.38074e+07
0,0,0,6.71201e+07,0,2.7757e+07,0,0,1.38074e+07
0,0,0,6.71201e+07,0,2.77576e+07,0,0,1.38074e+07
0,0,0,6.71201e+07,0,2.77582e+07,0,0,1.38074e+07
0,0,0,6.71201e+07,0,2.77588e+07,0,0,1.38074e+07
0,0,0,6.71201e+07,0,2.84224e+07,0,0,1.38074e+07
0,0,0,6.71201e+07,0,2.84231e+07,0,0,1.38074e+07
0,0,0,6.71201e+07,0,2.84237e+07,0,0,1.38074e+07
0,0,0,6.71201e+07,0,2.84244e+07,0,0,1.38074e+07
0,0,0,6.71201e+07,0,3.05963e+07,0,0,1.38074e+07
0,0,0,6.71201e+07,0,3.0597e+07,0,0,1.38074e+07
0,0,0,6.71201e+07,0,3.05977e+07,0,0,1.38074e+07
0,0,0,6.71201e+07,0,3.05984e+07,0,0,1.38074e+07
0,0,0,6.71201e+07,0,3.05991e+07,0,0,1.38074e+07
0,0,0,6.71201e+07,0,2.93959e+07,0,0,1.38074e+07
0,0,0,6.71201e+07,0,2.93965e+07,0,0,1.38074e+07
0,0,0,6.71201e+07,0,2.93972e+07,0,0,1.38074e+07
0,0,0,6.71201e+07,0,2.93979e+07,0,0,1.38074e+07
0,0,0,6.71201e+07,0,2.83442e+07,0,0,1.38074e+07
0,0,0,6.71201e+07,0,2.83448e+07,0,0,1.38074e+07
0,0,0,6.71201e+07,0,2.83455e+07,0,0,1.38074e+07
0,0,0,6.71201e+07,0,2.83461e+07,0,0,1.38074e+07
0,0,0,6.71201e+07,0,2.58614e+07,0,0,1.38074e+07
0,0,0,6.71201e+07,0,2.5862e+07,0,0,1.38074e+07
0,0,0,6.71201e+07,0,2.58626e+07,0,0,1.38074e+07
0,0,0,6.71201e+07,0,2.58632e+07,0,0,1.38074e+07
0,0,0,6.71201e+07,0,2.58638e+07,0,0,1.38074e+07
0,0,0,6.71201e+07,0,2.66872e+07,0,0,1.38074e+07
0,0,0,6.71201e+07,0,2.66877e+07,0,0,1.38074e+07
0,0,0,6.71201e+07,0,2.66881e+07,0,0,1.38074e+07
0,0,0,6.71201e+07,0,2.66886e+07,0,0,1.38074e+07
0,0,0,6.71201e+07,0,2.95518e+07,0,0,1.38074e+07
0,0,0,6.71201e+07,0,2.95523e+07,0,0,1.38074e+07
0,0,0,6.71201e+07,0,2.95528e+07,0,0,1.38074e+07
0,0,0,6.71201e+07,0,2.95533e+07,0,0,1.38074e+07
0,0,0,6.71201e+07,0,2.55987e+07,0,0,1.38074e+07
0,0,0,6.71201e+07,0,2.55991e+07,0,0,1.38074e+07
0,0,0,6.71201e+07,0,2.55996e+07,0,0,1.38074e+07
0,0,0,6.71201e+07,0,2.56e+07,0,0,1.38074e+07
0,0,0,6.71201e+07,0,2.56004e+07,0,0,1.38074e+07
0,0,0,6.71201e+07,0,2.6582e+07,0,0,1.38074e+07
0,0,0,6.71201e+07,0,2.65825e+07,0,0,1.38074e+07
0,0,0,6.71201e+07,0,2.65829e+07,0,0,1.38074e+07
0,0,0,6.71201e+07,0,2.65834e+07,0,0,1.38074e+07
0,0,0,6.71201e+07,0,2.62015e+07,0,0,1.38074e+07
0,0,0,6.71201e+07,0,2.62019e+07,0,0,1.38074e+07
0,0,0,6.71201e+07,0,2.62024e+07,0,0,1.38074e+07
0,0,0,6.71201e+07,0,2.62028e+07,0,0,1.38074e+07
0,0,0,6.71201e+07,0,2.75307e+07,0,0,1.38074e+07
0,0,0,6.71201e+07,0,2.75312e+07,0,0,1.38074e+07
0,0,0,6.71201e+07,0,2.75317e+07,0,0,1.38074e+07
0,0,0,6.71201e+07,0,2.75321e+07,0,0,1.38074e+07
0,0,0,6.71201e+07,0,2.75326e+07,0,0,1.38074e+07
0,0,0,6.71201e+07,0,2.77853e+07,0,0,1.38074e+07
0,0,0,6.71201e+07,0,2.77858e+07,0,0,1.38074e+07
0,0,0,6.71201e+07,0,2.77863e+07,0,0,1.38074e+07
0,0,0,6.71201e+07,0,2.77868e+07,0,0,1.38074e+07
0,0,0,6.71201e+07,0,2.84509e+07,0,0,1.38074e+07
0,0,0,6.71201e+07,0,2.84514e+07,0,0,1.38074e+07
0,0,0,6.71201e+07,0,2.84518e+07,0,0,1.38074e+07
0,0,0,6.71201e+07,0,2.84523e+07,0,0,1.38074e+07
0,0,0,6.71201e+07,0,3.06262e+07,0,0,1.38074e+07
0,0,0,6.71201e+07,0,3.06268e+07,0,0,1.38074e+07
0,0,0,6.71201e+07,0,3.06273e+07,0,0,1.38074e+07
0,0,0,6.71201e+07,0,3.06278e+07,0,0,1.38074e+07
0,0,0,6.71201e+07,0,3.06283e+07,0,0,1.38074e+07
0,0,0,6.71201e+07,0,2.94238e+07,0,0,1.38074e+07
0,0,0,6.71201e+07,0,2.94243e+07,0,0,1.38074e+07
0,0,0,6.71201e+07,0,2.94248e+07,0,0,1.38074e+07
0,0,0,6.71201e+07,0,2.94253e+07,0,0,1.38074e+07
0,0,0,6.71201e+07,0,2.83705e+07,0,0,1.38074e+07
0,0,0,6.71201e+07,0,2.8371e+07,0,0,1.38074e+07
0,0,0,6.71201e+07,0,2.83715e+07,0,0,1.38074e+07
0,0,0,6.71201e+07,0,2.8372e+07,0,0,1.38074e+07
0,0,0,6.71201e+07,0,2.58849e+07,0,0,1.38074e+07
0,0,0,6.71201e+07,0,2.58853e+07,0,0,1.38074e+07
0,0,0,6.71201e+07,0,2.58858e+07,0,0,1.38074e+07
0,0,0,6.71201e+07,0,2.58862e+07,0,0,1.38074e+07
0,0,0,6.71201e+07,0,2.58866e+07,0,0,1.38074e+07
0,0,0,6.71201e+07,0,2.67107e+07,0,0,1.38074e+07
0,0,0,6.71201e+07,0,2.6711e+07,0,0,1.38074e+07
0,0,0,6.71201e+07,0,2.67113e+07,0,0,1.38074e+07
0,0,0,6.71201e+07,0,2.67116e+07,0,0,1.38074e+07
0,0,0,6.71201e+07,0,2.95771e+07,0,0,1.38074e+07
0,0,0,6.71201e+07,0,2.95774e+07,0,0,1.38074e+07
0,0,0,6.71201e+07,0,2.95778e+07,0,0,1.38074e+07
0,0,0,6.71201e+07,0,2.95781e+07,0,0,1.38074e+07
0,0,0,6.71201e+07,0,2.56201e+07,0,0,1.38074e+07
0,0,0,6.71201e+07,0,2.56204e+07,0,0,1.38074e+07
0,0,0,6.71201e+07,0,2.56207e+07,0,0,1.38074e+07
0,0,0,6.71201e+07,0,2.5621e+07,0,0,1.38074e+07
0,0,0,6.71201e+07,0,2.56213e+07,0,0,1.38074e+07
0,0,0,6.71201e+07,0,2.66035e+07,0,0,1.38074e+07
0,0,0,6.71201e+07,0,2.66038e+07,0,0,1.38074e+07
0,0,0,6.71201e+07,0,2.66041e+07,0,0,1.38074e+07
0,0,0,6.71201e+07,0,2.66044e+07,0,0,1.38074e+07
0,0,0,6.71201e+07,0,2.62221e+07,0,0,1.38074e+07
0,0,0,6.71201e+07,0,2.62224e+07,0,0,1.38074e+07
0,0,0,6.71201e+07,0,2.62227e+07,0,0,1.38074e+07
0,0,0,6.71201e+07,0,2.6223e+07,0,0,1.38074e+07
0,0,0,6.71201e+07,0,2.75518e+07,0,0,1.38074e+07
0,0,0,6.71201e+07,0,2.75521e+07,0,0,1.38074e+07
0,0,0,6.71201e+07,0,2.75524e+07,0,0,1.38074e+07
0,0,0,6.71201e+07,0,2.75527e+07,0,0,1.38074e+07
0,0,0,6.71201e+07,0,2.7553e+07,0,0,1.38074e+07
0,0,0,6.71201e+07,0,2.78058e+07,0,0,1.38074e+07
0,0,0,6.71201e+07,0,2.78061e+07,0,0,1.38074e+07
0,0,0,6.71201e+07,0,2.78065e+07,0,0,1.38074e+07
0,0,0,6.71201e+07,0,2.78068e+07,0,0,1.38074e+07
0,0,0,6.71201e+07,0,2.84712e+07,0,0,1.38074e+07
0,0,0,6.71201e+07,0,2.84716e+07,0,0,1.38074e+07
0,0,0,6.71201e+07,0,2.84719e+07,0,0,1.38074e+07
0,0,0,6.71201e+07,0,2.84722e+07,0,0,1.38074e+07
0,0,0,6.71201e+07,0,3.06475e+07,0,0,1.38074e+07
0,0,0,6.71201e+07,0,3.06478e+07,0,0,1.38074e+07
0,0,0,6.71201e+07,0,3.06482e+07,0,0,1.38074e+07
0,0,0,6.71201e+07,0,3.06485e+07,0,0,1.38074e+07
0,0,0,6.71201e+07,0,3.06489e+07,0,0,1.38074e+07
0,0,0,6.71201e+07,0,2.94434e+07,0,0,1.38074e+07
0,0,0,6.71201e+07,0,2.94438e+07,0,0,1.38074e+07
0,0,0,6.71201e+07,0,2.94441e+07,0,0,1.38074e+07
0,0,0,6.71201e+07,0,2.94444e+07,0,0,1.38074e+07
0,0,0,6.71201e+07,0,2.83888e+07,0,0,1.38074e+07
0,0,0,6.71201e+07,0,2.83891e+07,0,0,1.38074e+07
0,0,0,6.71201e+07,0,2.83895e+07,0,0,1.38074e+07
0,0,0,6.71201e+07,0,2.83898e+07,0,0,1.38074e+07
0,0,0,6.71201e+07,0,2.5901e+07,0,0,1.38074e+07
0,0,0,6.71201e+07,0,2.59013e+07,0,0,1.38074e+07
0,0,0,6.71201e+07,0,2.59016e+07,0,0,1.38074e+07
0,0,0,6.71201e+07,0,2.59019e+07,0,0,1.38074e+07
0,0,0,6.71201e+07,0,2.59022e+07,0,0,1.38074e+07
0,0,0,6.71201e+07,0,2.59022e+07,0,0,1.38074e+07
0,0,0,6.71201e+07,0,2.67266e+07,0,0,1.38074e+07
0,0,0,6.71201e+07,0,2.67267e+07,0,0,1.38074e+07
0,0,0,6.71201e+07,0,2.67269e+07,0,0,1.38074e+07
0,0,0,6.71201e+07,0,2.67271e+07,0,0,1.38074e+07
0,0,0,6.71201e+07,0,2.95941e+07,0,0,1.38074e+07
0,0,0,6.71201e+07,0,2.95942e+07,0,0,1.38074e+07
0,0,0,6.71201e+07,0,2.95944e+07,0,0,1.38074e+07
0,0,0,6.71201e+07,0,2.95946e+07,0,0,1.38074e+07
0,0,0,6.71201e+07,0,2.56342e+07,0,0,1.38074e+07
0,0,0,6.71201e+07,0,2.56344e+07,0,0,1.38074e+07
0,0,0,6.71201e+07,0,2.56346e+07,0,0,1.38074e+07
0,0,0,6.71201e+07,0,2.56347e+07,0,0,1.38074e+07
0,0,0,6.71201e+07,0,2.56349e+07,0,0,1.38074e+07
0,0,0,6.71201e+07,0,2.66175e+07,0,0,1.38074e+07
0,0,0,6.71201e+07,0,2.66177e+07,0,0,1.38074e+07
0,0,0,6.71201e+07,0,2.66178e+07,0,0,1.38074e+07
0,0,0,6.71201e+07,0,2.6618e+07,0,0,1.38074e+07
0,0,0,6.71201e+07,0,2.62353e+07,0,0,1.38074e+07
0,0,0,6.71201e+07,0,2.62355e+07,0,0,1.38074e+07
0,0,0,6.71201e+07,0,2.62356e+07,0,0,1.38074e+07
0,0,0,6.71201e+07,0,2.62358e+07,0,0,1.38074e+07
0,0,0,6.71201e+07,0,2.75651e+07,0,0,1.38074e+07
0,0,0,6.71201e+07,0,2.75652e+07,0,0,1.38074e+07
0,0,0,6.71201e+07,0,2.75654e+07,0,0,1.38074e+07
0,0,0,6.71201e+07,0,2.75656e+07,0,0,1.38074e+07
0,0,0,6.71201e+07,0,2.75657e+07,0,0,1.38074e+07
0,0,0,6.71201e+07,0,2.78185e+07,0,0,1.38074e+07
0,0,0,6.71201e+07,0,2.78187e+07,0,0,1.38074e+07
0,0,0,6.71201e+07,0,2.78188e+07,0,0,1.38074e+07
0,0,0,6.71201e+07,0,2.7819e+07,0,0,1.38074e+07
0,0,0,6.71201e+07,0,2.84836e+07,0,0,1.38074e+07
0,0,0,6.71201e+07,0,2.84838e+07,0,0,1.38074e+07
0,0,0,6.71201e+07,0,2.84839e+07,0,0,1.38074e+07
0,0,0,6.71201e+07,0,2.84841e+07,0,0,1.38074e+07
0,0,0,6.71201e+07,0,3.06601e+07,0,0,1.38074e+07
0,0,0,6.71201e+07,0,3.06603e+07,0,0,1.38074e+07
0,0,0,6.71201e+07,0,3.06605e+07,0,0,1.38074e+07
0,0,0,6.71201e+07,0,3.06607e+07,0,0,1.38074e+07
0,0,0,6.71201e+07,0,3.06609e+07,0,0,1.38074e+07
0,0,0,6.71201e+07,0,2.94548e+07,0,0,1.38074e+07
0,0,0,6.71201e+07,0,2.9455e+07,0,0,1.38074e+07
0,0,0,6.71201e+07,0,2.94551e+07,0,0,1.38074e+07
0,0,0,6.71201e+07,0,2.94553e+07,0,0,1.38074e+07
0,0,0,6.71201e+07,0,2.83991e+07,0,0,1.38074e+07
0,0,0,6.71201e+07,0,2.83993e+07,0,0,1.38074e+07
0,0,0,6.71201e+07,0,2.83995e+07,0,0,1.38074e+07
0,0,0,6.71201e+07,0,2.83997e+07,0,0,1.38074e+07
0,0,0,6.71201e+07,0,2.59099e+07,0,0,1.38074e+07
0,0,0,6.71201e+07,0,2.591e+07,0,0,1.38074e+07
0,0,0,6.71201e+07,0,2.59102e+07,0,0,1.38074e+07
0,0,0,6.71201e+07,0,2.59104e+07,0,0,1.38074e+07
0,0,0,6.71201e+07,0,2.59105e+07,0,0,1.38074e+07
0,0,0,6.71201e+07,0,2.6735e+07,0,0,1.38074e+07
0,0,0,6.71201e+07,0,2.6735e+07,0,0,1.38074e+07
0,0,0,6.71201e+07,0,2.67351e+07,0,0,1.38074e+07
0,0,0,6.71201e+07,0,2.67351e+07,0,0,1.38074e+07
0,0,0,6.71201e+07,0,2.96028e+07,0,0,1.38074e+07
0,0,0,6.71201e+07,0,2.96028e+07,0,0,1.38074e+07
0,0,0,6.71201e+07,0,2.96028e+07,0,0,1.38074e+07
0,0,0,6.71201e+07,0,2.96028e+07,0,0,1.38074e+07
0,0,0,6.71201e+07,0,2.56412e+07,0,0,1.38074e+07
0,0,0,6.71201e+07,0,2.56413e+07,0,0,1.38074e+07
0,0,0,6.71201e+07,0,2.56413e+07,0,0,1.38074e+07
0,0,0,6.71201e+07,0,2.56413e+07,0,0,1.38074e+07
0,0,0,6.71201e+07,0,2.56413e+07,0,0,1.38074e+07
0,0,0,6.71201e+07,0,2.66241e+07,0,0,1.38074e+07
0,0,0,6.71201e+07,0,2.66241e+07,0,0,1.38074e+07
0,0,0,6.71201e+07,0,2.66241e+07,0,0,1.38074e+07
0,0,0,6.71201e+07,0,2.66241e+07,0,0,1.38074e+07
0,0,0,6.71201e+07,0,2.62412e+07,0,0,1.38074e+07
0,0,0,6.71201e+07,0,2.62412e+07,0,0,1.38074e+07
0,0,0,6.71201e+07,0,2.62413e+07,0,0,1.38074e+07
0,0,0,6.71201e+07,0,2.62413e+07,0,0,1.38074e+07
0,0,0,6.71201e+07,0,2.75707e+07,0,0,1.38074e+07
0,0,0,6.71201e+07,0,2.75707e+07,0,0,1.38074e+07
0,0,0,6.71201e+07,0,2.75707e+07,0,0,1.38074e+07
0,0,0,6.71201e+07,0,2.75707e+07,0,0,1.38074e+07
0,0,0,6.71201e+07,0,2.75708e+07,0,0,1.38074e+07
0,0,0,6.71201e+07,0,2.78234e+07,0,0,1.38074e+07
0,0,0,6.71201e+07,0,2.78234e+07,0,0,1.38074e+07
0,0,0,6.71201e+07,0,2.78235e+07,0,0,1.38074e+07
0,0,0,6.71201e+07,0,2.78235e+07,0,0,1.38074e+07
0,0,0,6.71201e+07,0,2.8488e+07,0,0,1.38074e+07
0,0,0,6.71201e+07,0,2.8488e+07,0,0,1.38074e+07
0,0,0,6.71201e+07,0,2.84881e+07,0,0,1.38074e+07
0,0,0,6.71201e+07,0,2.84881e+07,0,0,1.38074e+07
0,0,0,6.71201e+07,0,3.06642e+07,0,0,1.38074e+07
0,0,0,6.71201e+07,0,3.06643e+07,0,0,1.38074e+07
0,0,0,6.71201e+07,0,3.06643e+07,0,0,1.38074e+07
0,0,0,6.71201e+07,0,3.06643e+07,0,0,1.38074e+07
0,0,0,6.71201e+07,0,3.06643e+07,0,0,1.38074e+07
0,0,0,6.71201e+07,0,2.94579e+07,0,0,1.38074e+07
0,0,0,6.71201e+07,0,2.9458e+07,0,0,1.38074e+07
0,0,0,6.71201e+07,0,2.9458e+07,0,0,1.38074e+07
0,0,0,6.71201e+07,0,2.9458e+07,0,0,1.38074e+07
0,0,0,6.71201e+07,0,2.84016e+07,0,0,1.38074e+07
0,0,0,6.71201e+07,0,2.84016e+07,0,0,1.38074e+07
0,0,0,6.71201e+07,0,2.84016e+07,0,0,1.38074e+07
0,0,0,6.71201e+07,0,2.84017e+07,0,0,1.38074e+07
0,0,0,6.71201e+07,0,2.59116e+07,0,0,1.38074e+07
0,0,0,6.71201e+07,0,2.59116e+07,0,0,1.38074e+07
0,0,0,6.71201e+07,0,2.59116e+07,0,0,1.38074e+07
0,0,0,6.71201e+07,0,2.59116e+07,0,0,1.38074e+07
0,0,0,6.71201e+07,0,2.59116e+07,0,0,1.38074e+07
0,0,0,6.71201e+07,0,2.6736e+07,0,0,1.38074e+07
0,0,0,6.71201e+07,0,2.67359e+07,0,0,1.38074e+07
0,0,0,6.71201e+07,0,2.67358e+07,0,0,1.38074e+07
0,0,0,6.71201e+07,0,2.67357e+07,0,0,1.38074e+07
0,0,0,6.71201e+07,0,2.96033e+07,0,0,1.38074e+07
0,0,0,6.71201e+07,0,2.96031e+07,0,0,1.38074e+07
0,0,0,6.71201e+07,0,2.9603e+07,0,0,1.38074e+07
0,0,0,6.71201e+07,0,2.96029e+07,0,0,1.38074e+07
0,0,0,6.71201e+07,0,2.56411e+07,0,0,1.38074e+07
0,0,0,6.71201e+07,0,2.5641e+07,0,0,1.38074e+07
0,0,0,6.71201e+07,0,2.56409e+07,0,0,1.38074e+07
0,0,0,6.71201e+07,0,2.56408e+07,0,0,1.38074e+07
0,0,0,6.71201e+07,0,2.56407e+07,0,0,1.38074e+07
0,0,0,6.71201e+07,0,2.66232e+07,0,0,1.38074e+07
0,0,0,6.71201e+07,0,2.66231e+07,0,0,1.38074e+07
0,0,0,6.71201e+07,0,2.6623e+07,0,0,1.38074e+07
0,0,0,6.71201e+07,0,2.66229e+07,0,0,1.38074e+07
0,0,0,6.71201e+07,0,2.62398e+07,0,0,1.38074e+07
0,0,0,6.71201e+07,0,2.62397e+07,0,0,1.38074e+07
0,0,0,6.71201e+07,0,2.62396e+07,0,0,1.38074e+07
0,0,0,6.71201e+07,0,2.62395e+07,0,0,1.38074e+07
0,0,0,6.71201e+07,0,2.75686e+07,0,0,1.38074e+07
0,0,0,6.71201e+07,0,2.75685e+07,0,0,1.38074e+07
0,0,0,6.71201e+07,0,2.75684e+07,0,0,1.38074e+07
0,0,0,6.71201e+07,0,2.75683e+07,0,0,1.38074e+07
0,0,0,6.71201e+07,0,2.75681e+07,0,0,1.38074e+07
0,0,0,6.71201e+07,0,2.78206e+07,0,0,1.38074e+07
0,0,0,6.71201e+07,0,2.78205e+07,0,0,1.38074e+07
0,0,0,6.71201e+07,0,2.78203e+07,0,0,1.38074e+07
0,0,0,6.71201e+07,0,2.78202e+07,0,0,1.38074e+07
0,0,0,6.71201e+07,0,2.84845e+07,0,0,1.38074e+07
0,0,0,6.71201e+07,0,2.84844e+07,0,0,1.38074e+07
0,0,0,6.71201e+07,0,2.84843e+07,0,0,1.38074e+07
0,0,0,6.71201e+07,0,2.84842e+07,0,0,1.38074e+07
0,0,0,6.71201e+07,0,3.06598e+07,0,0,1.38074e+07
0,0,0,6.71201e+07,0,3.06597e+07,0,0,1.38074e+07
0,0,0,6.71201e+07,0,3.06596e+07,0,0,1.38074e+07
0,0,0,6.71201e+07,0,3.06594e+07,0,0,1.38074e+07
0,0,0,6.71201e+07,0,3.06593e+07,0,0,1.38074e+07
0,0,0,6.71201e+07,0,2.94529e+07,0,0,1.38074e+07
0,0,0,6.71201e+07,0,2.94528e+07,0,0,1.38074e+07
0,0,0,6.71201e+07,0,2.94527e+07,0,0,1.38074e+07
0,0,0,6.71201e+07,0,2.94525e+07,0,0,1.38074e+07
0,0,0,6.71201e+07,0,2.83961e+07,0,0,1.38074e+07
0,0,0,6.71201e+07,0,2.8396e+07,0,0,1.38074e+07
0,0,0,6.71201e+07,0,2.83959e+07,0,0,1.38074e+07
0,0,0,6.71201e+07,0,2.83958e+07,0,0,1.38074e+07
0,0,0,6.71201e+07,0,2.5906e+07,0,0,1.38074e+07
0,0,0,6.71201e+07,0,2.59059e+07,0,0,1.38074e+07
0,0,0,6.71201e+07,0,2.59058e+07,0,0,1.38074e+07
0,0,0,6.71201e+07,0,2.59057e+07,0,0,1.38074e+07
0,0,0,6.71201e+07,0,2.59056e+07,0,0,1.38074e+07
0,0,0,6.71201e+07,0,2.67296e+07,0,0,1.38074e+07
0,0,0,6.71201e+07,0,2.67294e+07,0,0,1.38074e+07
0,0,0,6.71201e+07,0,2.67291e+07,0,0,1.38074e+07
0,0,0,6.71201e+07,0,2.67288e+07,0,0,1.38074e+07
0,0,0,6.71201e+07,0,2.95955e+07,0,0,1.38074e+07
0,0,0,6.71201e+07,0,2.95953e+07,0,0,1.38074e+07
0,0,0,6.71201e+07,0,2.9595e+07,0,0,1.38074e+07
0,0,0,6.71201e+07,0,2.95947e+07,0,0,1.38074e+07
0,0,0,6.71201e+07,0,2.56339e+07,0,0,1.38074e+07
0,0,0,6.71201e+07,0,2.56336e+07,0,0,1.38074e+07
0,0,0,6.71201e+07,0,2.56334e+07,0,0,1.38074e+07
0,0,0,6.71201e+07,0,2.56331e+07,0,0,1.38074e+07
0,0,0,6.71201e+07,0,2.56329e+07,0,0,1.38074e+07
0,0,0,6.71201e+07,0,2.6615e+07,0,0,1.38074e+07
0,0,0,6.71201e+07,0,2.66147e+07,0,0,1.38074e+07
0,0,0,6.71201e+07,0,2.66145e+07,0,0,1.38074e+07
0,0,0,6.71201e+07,0,2.66142e+07,0,0,1.38074e+07
0,0,0,6.71201e+07,0,2.62312e+07,0,0,1.38074e+07
0,0,0,6.71201e+07,0,2.62309e+07,0,0,1.38074e+07
0,0,0,6.71201e+07,0,2.62307e+07,0,0,1.38074e+07
0,0,0,6.71201e+07,0,2.62304e+07,0,0,1.38074e+07
0,0,0,6.71201e+07,0,2.7559e+07,0,0,1.38074e+07
0,0,0,6.71201e+07,0,2.75587e+07,0,0,1.38074e+07
0,0,0,6.71201e+07,0,2.75584e+07,0,0,1.38074e+07
0,0,0,6.71201e+07,0,2.75581e+07,0,0,1.38074e+07
0,0,0,6.71201e+07,0,2.75579e+07,0,0,1.38074e+07
0,0,0,6.71201e+07,0,2.78101e+07,0,0,1.38074e+07
0,0,0,6.71201e+07,0,2.78098e+07,0,0,1.38074e+07
0,0,0,6.71201e+07,0,2.78096e+07,0,0,1.38074e+07
0,0,0,6.71201e+07,0,2.78093e+07,0,0,1.38074e+07
0,0,0,6.71201e+07,0,2.84732e+07,0,0,1.38074e+07
0,0,0,6.71201e+07,0,2.84729e+07,0,0,1.38074e+07
0,0,0,6.71201e+07,0,2.84726e+07,0,0,1.38074e+07
0,0,0,6.71201e+07,0,2.84723e+07,0,0,1.38074e+07
0,0,0,6.71201e+07,0,3.0647e+07,0,0,1.38074e+07
0,0,0,6.71201e+07,0,3.06467e+07,0,0,1.38074e+07
0,0,0,6.71201e+07,0,3.06464e+07,0,0,1.38074e+07
0,0,0,6.71201e+07,0,3.06461e+07,0,0,1.38074e+07
0,0,0,6.71201e+07,0,3.06458e+07,0,0,1.38074e+07
0,0,0,6.71201e+07,0,2.94398e+07,0,0,1.38074e+07
0,0,0,6.71201e+07,0,2.94395e+07,0,0,1.38074e+07
0,0,0,6.71201e+07,0,2.94392e+07,0,0,1.38074e+07
0,0,0,6.71201e+07,0,2.94389e+07,0,0,1.38074e+07
0,0,0,6.71201e+07,0,2.83829e+07,0,0,1.38074e+07
0,0,0,6.71201e+07,0,2.83826e+07,0,0,1.38074e+07
0,0,0,6.71201e+07,0,2.83823e+07,0,0,1.38074e+07
