REL,RF,NPC,PFC,WCC
0.961961962,0.052102102,101438183,0.095416872,0.003623693
0.981481481,0.289514515,285616659.2,0.029830482,0.006605527
0.968468468,0.049324324,246880839.9,0.025665685,0.00461126
0.985485485,0.67047047,291428121.2,0.078199242,0.022516558
0.963463463,0.049574575,229266879.2,#NAME?,0.003473378
0.972472472,0.049249249,266757632.8,0.029834071,0.003870805
0.984484484,0.757107107,289818226.1,0.032667825,0.017866261
0.981981982,0.299399399,286211436.8,0.03450105,0.004640193
0.954454454,0.053128128,0,0.081417275,0.000333094
0.964464464,0.052002002,135482734.1,0.109907607,0
0.949449449,0.049624625,198592342.6,0.037228381,0.00719494
0.946446446,0.0496997,189652226.1,0.033643217,0.008976647
0.975475475,0.083158158,259969808.4,0.029542863,0.003161405
0.972472472,0.049199199,265935611.3,0.008000118,0.021205189
0.945445445,0.049774775,189652226.1,0.027838741,0.004202605
0.872372372,0.068443443,0,0.021800452,0.013861511
0.876876877,0.106606607,0,0.02235709,0.012976327
0.926426426,0.165715716,0,0.07882489,0.001565408
0.897897898,0.066741742,69955970.69,0.024623595,0.012295608
0.960960961,0.04974975,217755275.1,0.018471545,0.01545197
0.964464464,0.04954955,237375752.6,0.028958664,0.004532836
0.912412412,0.245770771,0,0.05652706,0.018422913
0.944444444,0.049974975,176851248.2,0.010107726,0.021205189
0.98048048,0.302577578,277264802.5,0.024929878,0.010747495
0.968468468,0.787987988,72167783.73,0.089087724,0.004280615
0.934434434,0.302727728,0,0.067638862,0.018093762
0.977477477,0.056981982,264356987.8,#NAME?,0
0.983483483,0.598173173,294672558,0.029845912,0.018500782
0.971471471,0.053853854,170140864.9,0.081533432,0.013073436
0.964464464,0.127652653,69955970.69,0.116288241,0
0.969469469,0.766716717,95217615.83,0.095598217,0.000209434
0.910910911,0.212387387,0,0.057028566,0.01805756
0.976976977,0.099724725,185940465.8,0.082894319,0.002634905
0.967967968,0.88028028,69955970.69,0.089953119,0.005543965
0.947447447,0.379429429,0,0.077829422,0.017494745
0.928428428,0.184884885,0,0.067915939,0.017293783
0.983483483,0.626826827,287698783.3,0.009017374,0.030886669
0.935435435,0.354804805,0,0.066671652,0.008400136
0.97047047,0.884459459,95734229.09,0.092606227,0.004109641
0.872372372,0.068443443,0,0.006961845,0.017518829
0.973473473,0.049199199,267633766.3,0.019179975,0.014910035
0.977477477,0.098373373,186194486.5,0.08524496,0.013829072
0.984484484,0.757107107,289818226.1,0.013044004,0.031952725
0.977477477,0.728903904,164697373.6,0.102451414,0
0.984984985,0.278003003,291428121.2,0.095627046,0.003710876
0.963963964,0.110910911,73803823.6,0.081951812,0.003589915
0.970970971,0.209234234,119078489.1,0.080521434,0.014839294
0.974474474,0.078853854,258067909.7,0.024578733,0.007344121
0.946446446,0.049674675,195310234.4,0.024352804,0.008751952
0.949449449,0.0495996,199145401,0.009379722,0.019486678
0.946946947,0.049724725,192280271.6,0.029546897,0.004795271
0.902902903,0.112062062,0,0.058223823,0.014858456
0.957957958,0.739464464,0,0.076417141,0.028297238
0.982482482,0.532407407,238449147.6,0.087908171,0.014024108
0.975975976,0.052627628,209555669.7,0.084887929,0.013927709
0.985485485,0.920545546,309477198.6,0.051117173,0.013642895
0.973473473,0.049249249,266757632.8,0.029085114,0.007429776
0.972972973,0.051351351,175972351.6,0.088504156,0
0.977477477,0.048973974,284571837,0.02868981,0.003090116
0.914414414,0.306256256,0,0.056876106,0.018978331
0.979479479,0.078378378,285293590.9,0.016729187,0.01835896
0.976976977,0.05045045,215644291.3,0.09300359,0.002899195
0.980980981,0.372697698,279936781.6,0.03447327,0.004493184
0.957457457,0.04984985,208132890.5,0.038303759,0.004933863
0.877377377,0.121921922,0,0.014661346,0.016264293
0.873373373,0.091216216,0,0.017721888,0.015990704
0.983483483,0.627577578,284873296.2,0.018781334,0.023490897
0.968468468,0.049324324,246880839.9,0.008060705,0.020908941
0.983483483,0.598473473,294672558,0.022664153,0.02227238
0.966966967,0.099624625,134237668.4,0.09770463,0.004419808
0.975475475,0.049124124,276651646,0.028917208,0.004581369
0.946446446,0.0496997,189652226.1,0.024762059,0.01380615
0.978478478,0.084534535,277628200,0.007714197,0.023157656
0.935435435,0.36961962,0,0.052469212,0.020661222
0.979479479,0.078578579,283765396.3,0.022724941,0.013470239
0.98048048,0.10965966,287136287.2,0.041410179,0.006416621
0.971471471,0.051351351,169815982.4,0.09280933,0.002899195
0.971471471,0.063013013,258067909.7,0.030113755,0.004998612
0.984484484,0.808308308,284984755.4,0.038563242,0.014411004
0.956456456,0.385185185,0,#NAME?,0
0.981981982,0.288813814,285293590.9,0.019973148,0.02409325
0.968468468,0.357132132,99432912.03,0.09159564,0
0.971471471,0.062862863,258354533.9,0.022883748,0.014986842
0.983483483,0.643693694,285293590.9,0.033847192,0.014126628
0.982982983,0.351801802,232438768.8,0.079570285,0.015266101
0.959459459,0.0497998,216219819.3,0.025984798,0.004544776
0.983983984,0.6748999,228300985.1,0.081999525,0.024632023
0.983483483,0.626826827,287975539.7,0.014772322,0.029789119
0.977977978,0.048873874,289167918.9,0.009780858,0.019947111
0.913413413,0.063988989,69955970.69,0.073265006,0.004939273
0.963463463,0.09974975,106522052,0.078296597,0.014487381
0.98048048,0.601751752,258980608.8,0.044416967,0.012940459
0.976476476,0.054654655,279657684.6,0.015163944,0.019999588
0.960960961,0.04974975,219540834.4,0.00984822,0.021205189
0.966466466,0.051876877,145926236.8,0.082450386,0.014825688
0.975475475,0.068918919,190934507.9,0.104556403,0
0.98048048,0.121396396,215644291.3,0.082678854,0.003843952
0.957457457,0.04984985,208132890.5,0.021366497,0.014020199
0.968468468,0.051476476,149493880.8,0.098468352,0
0.97047047,0.066741742,249991307.6,0.023531149,0.014645631
0.946946947,0.054504505,188123505.9,0.019978021,0.01461515
0.981481481,0.65970971,268302522.8,0.036884283,0.014745628
0.98048048,0.382932933,203923378,0.102638045,0
0.965465465,0.049474474,237679222.8,0.01963958,0.014829469
0.985485485,0.473973974,292047565.3,0.111915745,0
0.985485485,0.894544545,314596296.3,0.016591527,0.033806165
0.908908909,0.177177177,0,0.055450857,0.01779514
0.985485485,0.923023023,289882406.9,0.047062372,0.017010671
0.984484484,0.903728729,279657684.6,0.027193523,0.023349329
0.967467467,0.086786787,131556696.6,0.100379953,0
0.955455455,0.226876877,0,0.090914026,0
0.982482482,0.660035035,278192945.8,0.035556038,0.01377458
0.963963964,0.052327327,136406834.7,0.095855272,0
0.983483483,0.626776777,288841330.9,0.029915021,0.018703767
0.961461461,0.04974975,219540834.4,0.013141477,0.020615217
0.976476476,0.633883884,164366223.8,0.086242231,0.00535738
0.946446446,0.0496997,189652226.1,0.041445533,0.00488548
0.978478478,0.08480981,276651646,0.032942543,0.008537212
0.948948949,0.049624625,198348148.2,0.041742024,0.00352891
0.977477477,0.781056056,164697373.6,0.092699249,0.00584119
0.928428428,0.117867868,76231745.31,0.021198329,0.014852478
0.945445445,0.067867868,162595388,0.024771983,0.004430669
0.983983984,0.681856857,226992625.9,0.099863084,0
0.978478478,0.05005005,284778002.8,0.094449971,0.004335656
0.96046046,0.051651652,217201712.5,0.024510294,0.008055538
0.946446446,0.053303303,169307096.6,0.020546337,0.018936593
0.982482482,0.524024024,238449147.6,0.094071706,0
0.978478478,0.071696697,287975539.7,0.008134266,0.022093073
0.976476476,0.23003003,162995428.5,0.092029543,0.009277354
0.944444444,0.064564565,159682869.2,0.03224073,0.008020698
0.978478478,0.072122122,285293590.9,0.022418019,0.009666515
0.973973974,0.049124124,272947293,0.024217517,0.00882299
0.902902903,0.060335335,0,0.076530022,0.003401759
0.968968969,0.049274274,248708500.9,0.019332867,0.014680684
0.975475475,0.270895896,159421726.1,0.091913569,0.009487736
0.981981982,0.299149149,283765396.3,0.018395478,0.01973792
0.927927928,0.124349349,76231745.31,0.028186197,0.004947928
0.973473473,0.073573574,259969808.4,0.006761516,0.022230847
0.982482482,0.298723724,286211436.8,0.020825796,0.019560634
0.956456456,0.0498999,207580550.3,0.0243625,0.008792384
0.946446446,0.053328328,169307096.6,0.029706809,0.014029503
0.948448448,0.04964965,197847000.3,0.032455957,0.008385039
0.965465465,0.04954955,237375752.6,0.030841671,0.00457968
0.985985986,0.900075075,331258667.5,0.024995591,0.024882391
0.949449449,0.0495996,198886946.5,0.019793383,0.0146687
0.98048048,0.717442442,259314712.6,0.032598582,0.009909779
0.98048048,0.704179179,259314712.6,0.0452164,0.003049892
0.956456456,0.054079079,207873660.7,0.028630066,0.003292897
0.939439439,0.175800801,69955970.69,0.078001939,0.002117461
0.98048048,0.185485485,288541163.2,0.02473048,0.008368805
0.98048048,0.117667668,287028844.8,0.023530466,0.014861505
0.98048048,0.290215215,277264802.5,0.019081783,0.0205546
0.981481481,0.681781782,276651646,0.032875559,0.008989419
0.97047047,0.066616617,254034322.4,0.024846791,0.004987481
0.982482482,0.872847848,265935611.3,0.017773206,0.029093677
0.98048048,0.301401401,278755529.7,0.026390842,0.008790211
0.924424424,0.050975976,76231745.31,0.02419488,0.01405398
0.982482482,0.870095095,266424319.8,0.009345944,0.032939136
0.985485485,0.88983984,309477198.6,0.031880931,0.021436166
0.98048048,0.624724725,185415392.9,0.088993338,0.013752564
0.968468468,0.049324324,247153135.3,0.010980498,0.018866747
0.961461461,0.053678679,218696874.6,0.018643434,0.015385817
0.979479479,0.086736737,215644291.3,#NAME?,0.004334598
0.976476476,0.050475475,215342831.5,0.082882139,0.014825688
0.964464464,0.066491491,229266879.2,0.056365771,0
0.966966967,0.481656657,69955970.69,0.084090763,0.004981557
0.981481481,0.635735736,208753010.1,0.077319133,0.024622872
0.924424424,0.050975976,76231745.31,0.0087841,0.021205189
0.984484484,0.852052052,287975539.7,0.009211041,0.032872831
0.926426426,0.074349349,76231745.31,0.029183944,0.00473607
0.972472472,0.749724725,118701868.7,0.09396711,0.001140184
0.98048048,0.778878879,194269784.1,0.083921835,0.016280426
0.944444444,0.11026026,0,0.077696577,0.014825688
0.982482482,0.358633634,284571837,0.030380567,0.006673227
0.983483483,0.822747748,276924984,0.009414576,0.032725721
0.964964965,0.09481982,122851175.8,0.100552569,0.002468566
0.980980981,0.904379379,210221272.5,0.066534287,0.01182499
0.981481481,0.107932933,264356987.8,0.112109766,0
0.977977978,0.434184184,174748749.2,0.084241874,0.004802763
0.979479479,0.741091091,176432491,0.097557959,0.000991808
0.971971972,0.080205205,248708500.9,0.028400511,0.003924811
0.985485485,0.888663664,386812223,0.020112083,0.032524967
0.98048048,0.634284284,258354533.9,0.035499093,0.010487986
0.947947948,0.052777778,174075502.6,0.022964633,0.008274218
0.945445445,0.051001001,168722476.7,0.025218463,0.005172446
0.885385385,0.063688689,0,0.061158073,0.014877684
0.969469469,0.082057057,238266143.6,0.034376219,0.004054153
0.965965966,0.058258258,138694983,0.080111608,0.014825688
0.967467467,0.550225225,69955970.69,0.094158544,0
0.945445445,0.053553554,167840652.2,0.008624336,0.021207328
0.969469469,0.103678679,139563210.3,0.092289492,0.007427832
0.973473473,0.049249249,265646845.7,0.034465073,0.003731152
0.93993994,0.095795796,146187716,0.038377374,0.000348365
0.976476476,0.048923924,285616659.2,0.024344931,0.00801298
0.977477477,0.064514515,215644291.3,0.083881051,0.014525485
0.963463463,0.099024024,84988833.74,0.085478079,0.013736112
0.982482482,0.359109109,284571837,0.040721653,0.003359344
0.981981982,0.602427427,231495570.3,0.068878869,0.008217804
0.941941942,0.052577578,158616738.9,0.028593403,0.005617388
0.928928929,0.189764765,0,0.078395983,0.002178773
0.954454454,0.05005005,198488207.9,0.009386999,0.021114131
0.975475475,0.876401401,138101952.1,0.07978508,0.031012858
0.955955956,0.062862863,196837015.8,0.028153977,0.004080461
0.935935936,0.059084084,89346100.53,0.061122791,0.009475246
0.981481481,0.279304304,232438768.8,0.099496506,0
0.981981982,0.288513514,287028844.8,0.009894783,0.027295246
0.971471471,0.765015015,107364795.1,0.098281877,0
0.975475475,0.052552553,230870007.1,0.079315472,0.014525485
0.973473473,0.080855856,168666181.8,0.085973117,0
0.981481481,0.632307307,188726127.8,0.0862157,0.005448065
0.96046046,0.049774775,216585440.3,0.044926264,0.003077985
0.975475475,0.23043043,159718974.5,0.078736708,0.014840456
0.981481481,0.589439439,279058447.3,0.044890107,0.004911608
0.963963964,0.10975976,72989095.33,0.076719102,0.014634688
0.936936937,0.051426426,149730636.7,0.027491573,0.004861502
0.968968969,0.074149149,239227173.8,0.024287214,0.008314335
0.98048048,0.648398398,256479345.4,0.036012083,0.009707444
0.961461461,0.053678679,218696874.6,0.031181465,0.008721585
0.975475475,0.049074074,275422355.4,0.015814653,0.018961176
0.928428428,0.117992993,76231745.31,0.019825722,0.015494131
0.96046046,0.059084084,69955970.69,0.08382633,0
0.98048048,0.128103103,286453017.8,0.03358075,0.009813007
0.967967968,0.878028028,69955970.69,0.088986495,0.024308104
0.953953954,0.052252252,189042084.1,0.023178644,0.012934736
0.954454454,0.05452953,194955262,0.019530496,0.014855878
0.982482482,0.688513514,228300985.1,0.058127835,0.02168895
0.975975976,0.799049049,144548799.1,0.103989538,0
0.984484484,0.903103103,279657684.6,0.020073955,0.030683953
0.945945946,0.10508008,157783304.4,0.050266992,0
0.974474474,0.089714715,174748749.2,0.095492742,0
0.968468468,0.441466466,85358703.55,0.091709918,0.000406521
0.983483483,0.598248248,294332679.2,0.037988181,0.014474476
0.897897898,0.066741742,69955970.69,0.041730444,0.004193786
0.973473473,0.144419419,156746887.2,0.092899124,0.008407548
0.967467467,0.278953954,89459761.63,0.084532536,0.014264309
0.975475475,0.23043043,159718974.5,0.096549831,0.00658162
0.98048048,0.13978979,288541163.2,0.029394966,0.005749491
0.946446446,0.053053053,76411986.95,0.079952604,0.014825688
0.935435435,0.06951952,146187716,0.024310192,0.004083107
0.964464464,0.11493994,99122421.73,0.079448475,0.014399028
0.972472472,0.054054054,187257655,0.081612978,0.00076844
0.975475475,0.553003003,144548799.1,0.095600874,0.009451306
0.94044044,0.058208208,129232742.3,0.075734053,0.00316995
0.973973974,0.146946947,145402579.7,0.084921201,0.013923317
0.97047047,0.049324324,259969808.4,0.027668127,0.004180549
0.957457457,0.056531532,208451523.2,0.034218363,0.003547235
0.98048048,0.851451451,256479345.4,0.043452162,0.004747518
0.965465465,0.108133133,110740870.4,0.08192376,0.003589915
0.984484484,0.903728729,279657684.6,0.04473635,0.014262589
0.937937938,0.111486486,72989095.33,0.07747779,0.001878077
0.922422422,0.088088088,0,0.073774031,0.003353262
0.978478478,0.720245245,166710080.2,0.092850476,0.012059865
0.963463463,0.058858859,118701868.7,0.091221865,0
0.976476476,0.054654655,279657684.6,0.029421425,0.009957605
0.971971972,0.07494995,248953535.6,0.030228614,0.009105711
0.935935936,0.136886887,69955970.69,0.060528015,0.014203168
0.98048048,0.326576577,278255323.9,0.036502544,0.003652317
0.956456456,0.07002002,199661126,0.031358582,0.004036184
0.924424424,0.051026026,76231745.31,0.028286197,0.004892662
0.955455455,0.0498999,207052496.4,0.026603316,0.004904142
0.954454454,0.054554555,196837015.8,0.028153977,0.004080461
0.972472472,0.749724725,118701868.7,0.087235903,0.005315805
0.969469469,0.076276276,159421726.1,0.091793146,0.006128264
0.976976977,0.059434434,214774881.8,0.0880734,0.005804616
0.97047047,0.894644645,96773092.9,0.088495045,0.027002276
0.942442442,0.052352352,159416110.7,0.034944613,0.008440422
0.966466466,0.124974975,95734229.09,0.0842443,0.002265671
0.956456456,0.095095095,187586192.7,0.029903906,0.003450967
0.944944945,0.087187187,158616738.9,0.033964556,0.002558304
0.952452452,0.052277277,189348160.9,0.030129836,0.004526208
0.926426426,0.074324324,76231745.31,0.006176606,0.021114131
0.953453453,0.059934935,171459865.6,0.076176558,0.003519844
0.957457457,0.059209209,208451523.2,0.025472642,0.007680131
0.94994995,0.052627628,177313292.5,0.029354874,0.003344205
0.937437437,0.051601602,147791527.1,0.019836471,0.01461399
0.983483483,0.917392392,232108677.1,0.061884635,0.024444195
0.942942943,0.052377377,159416110.7,0.018574361,0.015315181
0.928428428,0.124299299,76231745.31,0.030286737,0.004407835
0.942942943,0.057957958,159682869.2,0.026875171,0.004865996
0.967467467,0.441891892,72167783.73,0.088329935,0.002406822
0.972972973,0.141391391,153405162.9,0.090471723,0
0.926426426,0.074299299,76231745.31,0.018297018,0.014695927
0.982482482,0.85477978,214190101.9,0.099216712,0
0.97047047,0.049324324,259969808.4,0.024745133,0.005756894
0.928428428,0.117967968,76231745.31,0.039735339,0.006416088
0.984484484,0.800600601,291278929.4,0.019111854,0.026250678
0.976476476,0.914239239,147277124,0.083038925,0.024400096
0.950950951,0.064864865,179423369.8,0.024713973,0.004430669
0.95045045,0.0503003,178594807.6,0.02065475,0.014328867
0.872372372,0.068818819,0,0.029664496,0
0.982482482,0.872847848,265935611.3,0.024470674,0.023246682
0.945445445,0.051051051,168486742.9,0.024768398,0.013995364
0.927927928,0.106431431,76231745.31,0.023773211,0.007568782
0.922922923,0.051001001,76231745.31,0.006996198,0.018668151
0.97997998,0.645970971,209384913.8,0.066415364,0.009367629
0.95045045,0.0503003,178870234.7,0.008076144,0.021205189
0.975975976,0.799024024,144801336.4,0.083535308,0.01630463
0.977477477,0.884234234,159421726.1,0.093085224,0.015472689
0.946446446,0.0496997,188735681.3,0.014303722,0.019439832
0.975975976,0.718643644,147277124,0.085465445,0.007838552
0.945445445,0.051076076,168486742.9,0.030286893,0.004757269
0.985485485,0.048898899,307273050.7,0.108716605,0
0.975975976,0.050725726,205639036.3,0.092907044,0.002899195
0.984484484,0.903728729,279657684.6,0.037957124,0.017835541
0.941441441,0.057982983,119078489.1,0.05818298,0.01643509
0.982982983,0.049324324,299026010.1,#NAME?,0.004318896
0.938438438,0.053153153,154191589.1,0.014644144,0.01983306
0.977477477,0.334234234,173705038.4,0.09926605,0.005848684
0.98048048,0.117642643,287322410.7,0.018545719,0.016941784
0.939439439,0.078153153,147791527.1,0.019838461,0.014805526
0.981481481,0.586586587,278595484.3,0.024706527,0.014259137
0.955955956,0.349149149,0,0.082255061,0.012369454
0.976976977,0.090065065,193685541.7,0.081826777,0.004268657
0.941941942,0.097447447,149442049.1,0.023079947,0.008917439
0.974974975,0.627552553,138989744.4,0.080927526,0.020879547
0.97047047,0.066791792,249991307.6,0.013761711,0.021340062
0.877377377,0.121921922,0,0.035220354,0.00713456
0.931431431,0.233633634,0,0.074359423,0.004539957
0.935435435,0.050700701,151987302,0.008662896,0.018715159
0.983483483,0.487987988,345216749.2,0.028371634,0.017680605
0.944444444,0.049974975,177174891.8,0.028346786,0.011868851
0.961961962,0.082932933,112089850,0.081951814,0.001862564
0.938438438,0.053278278,154629830.6,0.019358477,0.014902694
0.937437437,0.051001001,152892634.1,0.024646299,0.006943115
0.982482482,0.599249249,279657684.6,0.011201083,0.030228608
0.984984985,0.109134134,306114539.9,0.090499164,0
0.973473473,0.049199199,265646845.7,0.013334881,0.021029566
0.977477477,0.335335335,168932652.7,0.105928163,0
0.978478478,0.074224224,284984755.4,0.028728355,0.003404174
0.971971972,0.07505005,248953535.6,0.008493905,0.022030007
0.948948949,0.113988989,162595388,0.032315885,0.009687887
0.957957958,0.081306306,196837015.8,0.02431864,0.007382277
0.98048048,0.319019019,209856516.6,0.082629885,0.014840456
0.932432432,0.130805806,69955970.69,0.075729028,0.004979118
0.965465465,0.049449449,237946877.1,0.010252561,0.021029566
0.963963964,0.108033033,86329083.73,0.089548539,0.009526367
0.961461461,0.085635636,78713520.16,0.077174101,0.014558451
0.982982983,0.800550551,278791074.5,0.046586096,0.004104222
0.974974975,0.078203203,259969808.4,0.016034965,0.019592731
0.974974975,0.900800801,135907124.6,0.084572822,0.016835174
0.961461461,0.055630631,97229324.54,0.085123407,0
0.978478478,0.084534535,277628200,0.017777564,0.017205523
0.911911912,0.05980981,158313549.1,0.01806438,0.009082295
0.93993994,0.092117117,146187716,0.0093003,0.021882654
0.977477477,0.06996997,215644291.3,0.094230794,0
0.977477477,0.334934935,168932652.7,0.082833136,0.014839294
0.981481481,0.75990991,259664238.6,0.035356457,0.018321098
0.963463463,0.0995996,93243970.58,0.081577992,0.004570067
0.953453453,0.052277277,188720278.2,0.015643869,0.019485146
0.962462462,0.078328328,216219819.3,0.037717163,0
0.957457457,0.04984985,208132890.5,0.014934568,0.019498906
0.972472472,0.860635636,107364795.1,0.104559053,0
0.976476476,0.631081081,152799380.6,0.088054921,0.010219768
0.972472472,0.068818819,259969808.4,0.034725836,0
0.962962963,0.05492993,132945544.5,0.08166824,0.000813564
0.96046046,0.058658659,71559781.8,0.078937678,0.014774467
0.977477477,0.135910911,189415100.4,0.094374377,0.007521013
0.979479479,0.222622623,185940465.8,0.082951588,0.004624376
0.983483483,0.46026026,325683888.9,0.017659165,0.028410669
0.975475475,0.049074074,277910576,0.022867587,0.014897942
0.958958959,0.061636637,209519658.9,0.045814406,0
0.974974975,0.062262262,202265405.5,0.079457943,0.014349174
0.984484484,0.785385385,331621148.1,0.051857201,0.004367744
0.98048048,0.696246246,259314712.6,0.029359827,0.011519675
0.922422422,0.082932933,0,0.06853156,0.007496399
0.981481481,0.760435435,256237335.5,0.030405993,0.019098233
0.98048048,0.13983984,288541163.2,0.034695638,0.004451957
0.979479479,0.721171171,176432491,0.106358671,0.001885285
0.972472472,0.068843844,258980608.8,0.024135687,0.006498949
0.928428428,0.117992993,76231745.31,0.005130377,0.022224431
0.984484484,0.743468468,232438768.8,0.099445122,0
0.966466466,0.113413413,109590274.6,0.093822166,0
0.984484484,0.639189189,332221093.5,0.027855395,0.019656937
0.98048048,0.632432432,267058504.9,0.034249082,0.009958766
0.982482482,0.870845846,259969808.4,0.035674799,0.019293685
0.98048048,0.290215215,277264802.5,0.023814569,0.018053806
0.978978979,0.191366366,201396454.7,0.081529523,0.015072694
0.981481481,0.789189189,268446123.4,0.031018597,0.012523668
0.932432432,0.07007007,69955970.69,0.061682972,0.009200194
0.966466466,0.1254004,89346100.53,0.091208685,0
0.983483483,0.710560561,298869441.8,0.029174748,0.011564843
0.943443443,0.051476476,164524258.3,0.008869434,0.018670038
0.979479479,0.706281281,176432491,0.089403337,0.01481052
0.928928929,0.189039039,0,0.074402585,0.00774954
0.984484484,0.854129129,229583424.2,0.097046206,1.22E-05
0.983483483,0.917392392,232108677.1,0.071421427,0.01769197
0.981481481,0.276051051,232438768.8,0.092949174,0.007284147
0.935435435,0.373173173,0,0.063222882,0.010186368
0.974974975,0.067492492,206082898.1,0.082263259,0.008043913
0.98048048,0.547722723,230870007.1,0.065873472,0.009314944
0.982482482,0.710710711,231495570.3,0.061011106,0.011831999
0.921421421,0.303478478,0,0.064981405,0.018733659
0.947447447,0.074974975,168722476.7,0.031378239,0.005602419
0.964464464,0.049424424,239227173.8,0.008902596,0.021205189
0.98048048,0.117667668,287028844.8,0.014189225,0.024531574
0.959459459,0.076826827,204190690.8,0.024692585,0.005107272
0.984484484,0.894319319,316357590.4,0.041723419,0.008910906
0.971971972,0.678328328,119078489.1,0.088435638,0.003592481
0.922422422,0.055205205,166387611.2,0.018978121,0.008045541
0.985485485,0.238138138,306140999,0.090548384,0.000229996
0.964964965,0.118543544,89346100.53,0.092940162,0
0.982482482,0.688013013,278255323.9,0.009111548,0.031433154
0.952452452,0.067517518,185259544.1,0.022432979,0.009753266
0.970970971,0.075475475,248135337.6,0.026573192,0.00713792
0.938438438,0.051401401,149730636.7,0.030295114,0.009099384
0.981481481,0.854604605,214811530.4,0.069526121,0.01847394
0.971971972,0.606956957,121615255,0.088992348,0.002435263
0.984484484,0.894594595,226992625.9,0.093810247,0.006595199
0.981481481,0.608533534,277628200,0.038367516,0.006779862
0.97047047,0.066866867,249991307.6,0.031158768,0.001951188
0.947947948,0.057607608,153366031.2,0.07142467,0.004905585
0.873873874,0.168618619,0,0.007268958,0.014399028
0.968468468,0.10487988,123634162.4,0.08825586,0.011795969
0.983483483,0.917392392,232108677.1,0.058327486,0.027867151
0.971471471,0.137687688,129900765.2,#NAME?,0.008039915
0.982982983,0.883533534,229583424.2,0.082019455,0.002564104
0.984484484,0.860285285,301437721.6,0.029456483,0.013869701
0.982482482,0.821121121,277628200,0.038714279,0.008373282
0.953953954,0.063713714,186768610.2,0.042119281,0.004657253
0.97047047,0.102252252,150691194.4,0.08792781,0
0.982482482,0.85985986,265755163.3,0.027780938,0.023043933
0.975475475,0.553128128,144801336.4,0.091135827,0.011355995
0.963463463,0.05452953,120432701,0.077990038,0.014825688
0.971971972,0.049224224,263168536.9,0.014602373,0.019546401
0.981981982,0.59964965,279058447.3,0.00772618,0.030248733
0.983983984,0.518293293,230160012.8,0.081874051,0.016007706
0.974474474,0.5254004,139563210.3,0.092735683,0.011064147
0.89039039,0.061611612,76231745.31,0.019370336,0.002914863
0.962962963,0.052002002,128928606.6,0.093334829,0
0.969469469,0.890590591,84426436.16,0.07831013,0.031408108
0.956456456,0.04984985,206057962,0.009826034,0.019271978
0.964464464,0.117192192,80006248.29,0.07936582,0.014399028
0.973473473,0.916166166,121347586.4,0.094698242,0.009027298
0.964964965,0.063263263,124230639.8,0.08037277,0.014774467
0.977977978,0.130055055,191955920.8,0.093080881,0.007947324
0.983483483,0.776001001,282590356.7,0.052363242,0.000819858
0.981481481,0.779254254,259664238.6,0.018290452,0.027013074
0.985485485,0.923023023,289882406.9,0.030414052,0.02851078
0.983483483,0.673748749,276154243.9,0.077681759,0.022516558
0.983483483,0.459284284,332221093.5,0.031043057,0.018126802
0.974474474,0.233233233,148170169.6,0.077712501,0.015316549
0.979479479,0.290815816,186840681.8,0.079268964,0.015175528
0.982482482,0.788413413,278595484.3,0.043007172,0.006378544
0.957957958,0.081331331,196837015.8,0.043091378,0
0.975475475,0.053178178,275422355.4,0.019859954,0.014830903
0.979479479,0.142467467,189769099.7,0.091290628,0
0.905405405,0.112037037,0,0.054910609,0.016567669
0.984484484,0.624349349,332221093.5,0.035516801,0.015803665
0.982482482,0.68450951,226992625.9,0.073168109,0.006109895
0.982482482,0.298448448,289167918.9,0.030177301,0.014563567
0.98048048,0.61539039,267087870.3,0.009012724,0.030880896
0.980980981,0.662362362,258354533.9,0.00861313,0.031424434
0.973473473,0.409409409,138101952.1,0.083855641,0.014659956
0.983483483,0.501501502,332221093.5,0.013949812,0.028729815
0.983483483,0.772147147,308340422.4,0.039593547,0.007479392
0.979479479,0.076001001,287698783.3,0.008718178,0.022466967
0.982482482,0.881081081,258067909.7,0.019145124,0.029499382
0.977977978,0.139439439,204539391.7,0.088415399,0.000489011
0.984484484,0.629154154,231838823.4,0.102244189,0
0.983483483,0.602002002,321758515.7,0.049249153,0.001244823
0.983483483,0.550850851,321758515.7,0.014143634,0.029288824
0.943443443,0.057882883,159682869.2,0.022276765,0.00931243
0.97047047,0.049274274,259969808.4,0.013726095,0.020615217
0.972972973,0.308908909,137536708.3,0.08602653,0.002196354
0.975475475,0.890865866,138101952.1,0.09687434,0.001878732
0.982982983,0.676351351,285616659.2,0.026029334,0.013547144
0.963463463,0.100800801,71844401.2,0.084290224,0.014203168
0.953953954,0.052277277,188419007.8,0.008222376,0.021205189
0.981481481,0.508133133,192260602.7,0.101388547,0
0.951451451,0.0502002,186018117.3,0.029417998,0.003446363
0.935435435,0.054379379,147250624.8,0.024941327,0.007871463
0.983983984,0.818068068,224855771.1,0.094825494,0.000635308
0.947947948,0.057157157,149493880.8,0.069792609,0.007625882
0.963463463,0.11539039,69955970.69,0.087060391,0
0.923423423,0.074324324,76231745.31,0.006996198,0.018668151
0.983483483,0.550750751,321758515.7,0.045142731,0.011809897
0.927927928,0.118943944,76231745.31,0.03430077,0.000752443
0.973473473,0.073348348,175406150.3,0.093018,0
0.985985986,0.900075075,331258667.5,0.014514196,0.033345198
0.956956957,0.04984985,206057962,0.019490898,0.014935416
0.94044044,0.058133133,129232742.3,0.070005246,0.014067852
0.978478478,0.084534535,277628200,0.022878634,0.014548101
0.959459459,0.068893894,209177289.8,0.036551268,0.002823997
0.968468468,0.727752753,72989095.33,0.091492052,0.012606315
0.974474474,0.08536036,175064661.4,0.081971218,0.009135272
0.961461461,0.04974975,219540834.4,0.02039733,0.014498786
0.978478478,0.872847848,168666181.8,0.104046401,0
0.947447447,0.04964965,197322433.8,0.028602805,0.005097304
0.927927928,0.106331331,76231745.31,0.007770795,0.021340062
0.981481481,0.586586587,278595484.3,0.013790478,0.02972791
0.954454454,0.049974975,199661126,0.028183253,0.012024706
0.967467467,0.406556557,80104175.83,0.100010131,0
0.972472472,0.691941942,125887687.1,0.090041643,0.002921441
0.944944945,0.082457457,158616738.9,0.028592776,0.005711796
0.981981982,0.804129129,258980608.8,0.011684096,0.03251268
0.936936937,0.071571572,96940075.49,0.072218453,0.013489741
0.974974975,0.078553554,258354533.9,0.026542486,0.004740198
0.951451451,0.056706707,161933361.6,0.068923373,0.00747579
0.947447447,0.04984985,196112397.7,0.030843234,0.002834844
0.961461461,0.10025025,200124125.2,0.071349963,0.004625733
0.943943944,0.051926927,161524102.5,0.019615137,0.014902694
0.981481481,0.492817818,192260602.7,0.089847225,0.012127204
0.981481481,0.582332332,192260602.7,0.08251447,0.022649689
0.984484484,0.775525526,295506754.1,0.008425885,0.032453708
0.971471471,0.069344344,258354533.9,0.028590355,0.004253087
0.984484484,0.87032032,321416411.5,0.05365139,0.003770822
0.977477477,0.048923924,284984755.4,0.019627167,0.014607051
0.96996997,0.825800801,95998457.57,0.092360793,0.002872671
0.983983984,0.758283283,226499181.3,0.084948898,0.019017698
0.968468468,0.085610611,139324413,0.110138973,0
0.971971972,0.298723724,133055453.9,0.100515376,0
0.975975976,0.071396396,194269784.1,0.092406045,0.00460095
0.917917918,0.052052052,76231745.31,0.020227964,0.005313331
0.971971972,0.07494995,248953535.6,0.019097461,0.014493214
0.983983984,0.472747748,330554067.7,0.02090277,0.024728038
0.980980981,0.518118118,239682287.5,0.077625474,0.004107906
0.98048048,0.3003003,278255323.9,0.007746051,0.027295246
0.965965966,0.058408408,137837183.5,0.085325988,0
0.959459459,0.068893894,208132890.5,0.027884397,0.005672737
0.96046046,0.052702703,78186254.1,0.081824119,0.000236026
0.978478478,0.686936937,195677003.1,0.072029793,0.006609135
0.967467467,0.114964965,122298580.9,0.080616506,0.014805958
0.985985986,0.900650651,320803304.7,0.023979931,0.025390517
0.966466466,0.084134134,228705486.7,0.033725511,0.003130055
0.981481481,0.58460961,279302276.3,0.035608856,0.017292006
0.980980981,0.465890891,191656060.4,0.099793603,0.004005284
0.97047047,0.742017017,100619502.9,#NAME?,0.008729715
0.969469469,0.055955956,156794738,#NAME?,0.013894849
0.985485485,0.900675676,314596296.3,0.028594883,0.025074559
0.982482482,0.688213213,228300985.1,0.064304365,0.019627644
0.973973974,0.053578579,209384913.8,0.083135199,0
0.983483483,0.48988989,321758515.7,0.022484,0.021451256
0.953453453,0.052302302,188419007.8,0.050797968,0
0.971471471,0.08028028,168932652.7,0.080237669,0.014825688
0.981481481,0.352452452,224603228.9,0.078681956,0.016872906
0.975975976,0.232982983,160614240.8,0.08357212,0.003701789
0.976476476,0.709134134,147277124,0.079530809,0.026493818
0.978478478,0.720245245,166344808.5,0.087692947,0.018458165
0.973973974,0.304329329,142668715.3,0.093627705,0.002114819
0.980980981,0.879229229,187257655,0.084829595,0.022186993
0.957457457,0.518968969,0,0.093052631,6.68E-05
0.961461461,0.067967968,216219819.3,0.038003191,0
0.96046046,0.079554555,208132890.5,0.02759447,0.005817379
0.976976977,0.602277277,192260602.7,0.07473722,0.006311032
0.971471471,0.100125125,147892022.5,0.091057378,0
0.896896897,0.176676677,0,0.01175214,0.018249616
0.915415415,0.364339339,0,0.059341666,0.015720276
0.981481481,0.819894895,185415392.9,0.095177422,0.001994527
0.962462462,0.106906907,208530945.7,0.038516122,0.004125601
0.941441441,0.052452452,158881769.8,0.009739906,0.021114131
0.946446446,0.0496997,188123505.9,0.009604834,0.021205189
0.962462462,0.085285285,80122610.87,0.087052179,0.01275002
0.978478478,0.913213213,168666181.8,0.099068809,0.00689361
0.93993994,0.110385385,146187716,0.031495852,0.002740668
0.94044044,0.104304304,146996643.2,0.010175847,0.022669988
0.982482482,0.849274274,265935611.3,0.03197176,0.018724074
0.973473473,0.133833834,156746887.2,0.081110635,0.014830562
0.938438438,0.051401401,149442049.1,0.015212189,0.01896636
0.950950951,0.099299299,149267241.1,0.070516399,0.014262407
0.975975976,0.080405405,201281284.3,0.085525807,0
0.873373373,0.091541542,0,0.024823253,0.00238665
0.982482482,0.659984985,278446985.3,0.019037646,0.02414908
0.971471471,0.063013013,258067909.7,0.014291972,0.021181894
0.972472472,0.068443443,259969808.4,0.012383368,0.021516404
0.982482482,0.871071071,258354533.9,0.029150447,0.022638022
0.965965966,0.127277277,70233566.3,#NAME?,0.004177206
0.98048048,0.601801802,258980608.8,0.01398956,0.02956944
0.980980981,0.62957958,266757632.8,0.024557733,0.021224598
0.953453453,0.052077077,198800181.3,0.009959707,0.019944706
0.981981982,0.548548549,208108280.1,0.083448829,0.016261212
0.913413413,0.058808809,171944867,0.023019023,0.001985809
0.908908909,0.173873874,0,0.063833886,0.009565774
0.983983984,0.658258258,344626500.4,0.027289913,0.01302684
0.982482482,0.298573574,289527001,0.008257539,0.027348322
0.971971972,0.07505005,248953535.6,0.032019755,0.000812805
0.975475475,0.049074074,275422355.4,0.008242469,0.021205189
0.976976977,0.213913914,175983362.6,0.083597937,0.00388921
0.980980981,0.63008008,259314712.6,0.018409273,0.024514653
0.983483483,0.780805806,284984755.4,0.048071343,0.004878312
0.98048048,0.629954955,269846388.8,0.037510994,0.014189432
0.957457457,0.04984985,207338411.9,0.030593161,0.009061785
0.981481481,0.629304304,264806403.7,0.018082503,0.029675255
0.982982983,0.849074074,214811530.4,0.097681959,0.006153007
0.984484484,0.756931932,291351818.6,0.020184939,0.024197293
0.975475475,0.117117117,175972351.6,0.090615392,0
0.967967968,0.34024024,93620950.62,0.099987557,0.005496785
0.938438438,0.053928929,149442049.1,0.022012284,0.013448087
0.980980981,0.724424424,249991307.6,0.016904863,0.031039467
0.97047047,0.081431431,241539256.5,0.023319891,0.00801558
0.967467467,0.051551552,161144007.3,0.082833474,0.014286476
0.982482482,0.827652653,276924984,0.028541874,0.014235977
0.953453453,0.052277277,189348160.9,0.027668608,0.00560976
0.981481481,0.779004004,258980608.8,0.023939393,0.02247837
0.981981982,0.671571572,231495570.3,0.056890835,0.014074574
0.981481481,0.289489489,285616659.2,0.039462927,0.001407146
0.968968969,0.049299299,249634827.8,0.022165992,0.009739699
0.985485485,0.865840841,420518740.6,0.024188217,0.028671541
0.962462462,0.10467968,69955970.69,0.078589824,0.014828353
0.981481481,0.762462462,259314712.6,0.029587473,0.020800643
0.962462462,0.102252252,71844401.2,0.08482752,0
0.96046046,0.052227227,96325515.28,0.079094056,0.014479621
0.985485485,0.921471471,289818226.1,0.017374236,0.033858076
0.982482482,0.78953954,278595484.3,0.033209839,0.012630285
0.974474474,0.075975976,258980608.8,0.009864362,0.022093073
0.979479479,0.078603604,284984755.4,0.029787877,0.002911971
0.975475475,0.411286286,157636248.5,#NAME?,0
0.987487487,0.517942943,283843968,0.088688395,0.003101048
0.976476476,0.138638639,176432491,#NAME?,0.014487381
0.98048048,0.138188188,287028844.8,0.007591118,0.025138186
0.973473473,0.074049049,258067909.7,0.034079607,0.003004704
0.980980981,0.671421421,221647312.7,0.061943646,0.011316731
0.971471471,0.063013013,258067909.7,0.029541678,0.007355101
0.968968969,0.051926927,155875373.3,0.08857183,0
0.981481481,0.882257257,259969808.4,0.044264294,0.008003636
0.968468468,0.778278278,72167783.73,0.084172721,0.025851577
0.972472472,0.75513013,115517217.8,0.080412542,0.026688607
0.974974975,0.63521021,138989744.4,0.086739179,0.004466061
0.961461461,0.084884885,82384993.57,0.096672028,0.00309323
0.957957958,0.77997998,0,0.086362257,0.005942105
0.955455455,0.121646647,178870234.7,0.069428399,0
0.948448448,0.116791792,152799380.6,0.066193973,0.008778591
0.944444444,0.049974975,177174891.8,0.018880456,0.01896636
0.876876877,0.0997998,0,0.00565493,0.017543201
0.984484484,0.732907908,227952090.2,0.092600709,0.012764207
0.976476476,0.083783784,203979265.5,#NAME?,0.013571944
0.905405405,0.246846847,0,0.016848404,0.008329951
0.968468468,0.083408408,237946877.1,0.027978505,0.004821328
0.969469469,0.08516016,144330708.9,0.091759229,0.005517691
0.981481481,0.512262262,192260602.7,0.094838495,0
0.972472472,0.057107107,173705038.4,0.077762417,0.014774467
0.96046046,0.053903904,216585440.3,0.032322596,0.001842522
0.975475475,0.051001001,218356419.7,0.082625667,6.22E-06
0.966966967,0.065115115,239227173.8,0.034755101,0.001639123
0.977477477,0.323473473,171582271.7,0.084408977,0.014341957
0.98048048,0.850925926,248953535.6,0.032896121,0.018243443
0.976476476,0.721021021,159079116.5,0.097457382,0.008987662
0.981981982,0.288788789,285616659.2,0.021463007,0.01869273
0.981981982,0.359134134,210607524.2,0.099072936,0
0.975975976,0.087562563,184087133.3,0.093684637,0.001846061
0.963463463,0.122047047,207969859.3,0.041543379,0.006261955
0.974974975,0.051251251,185940465.8,0.086269705,0
0.981481481,0.571121121,188726127.8,0.101906493,0
0.984984985,0.057157157,480512998.3,0.082425008,0.014825688
0.944944945,0.053653654,168242791.2,0.028130621,0.00426903
0.984484484,0.921321321,289802189.8,0.05864306,0.006096152
0.98048048,0.31529029,277910576,0.045186689,0
0.984484484,0.861061061,321416411.5,0.045372882,0.008830608
0.940940941,0.050725726,158881769.8,0.031801167,0.002577228
0.966966967,0.11509009,120412932.1,0.079843208,0.014805958
0.934434434,0.06966967,71844401.2,0.06246614,0.008844067
0.95045045,0.0503003,178594807.6,0.018817517,0.015261253
0.982482482,0.85482983,214190101.9,0.082266482,0.023975138
0.983483483,0.82525025,279657684.6,0.04527994,0.013495495
0.983983984,0.859534535,295743268,0.038320274,0.009540867
0.964964965,0.101076076,111206441.1,0.078392425,0.014399028
0.985485485,0.876201201,320001143.2,0.027302642,0.023656557
0.984484484,0.834059059,289287629.3,0.019088542,0.029676456
0.969469469,0.082057057,238266143.6,0.026438802,0.009732844
0.955455455,0.067142142,188720278.2,0.027116265,0.004667553
0.982982983,0.723098098,279657684.6,0.031243912,0.017752992
0.985485485,0.88983984,309477198.6,0.038495619,0.018501452
0.936936937,0.111961962,72989095.33,0.057934214,0.010640933
0.96996997,0.049299299,259664238.6,0.00660671,0.021205189
0.983483483,0.048623624,308394933.3,0.086250897,0
0.97047047,0.201101101,118100429.2,0.088258851,0.000780465
0.879379379,0.152577578,0,0.022592337,0.014415069
0.95045045,0.0503003,178594807.6,0.033089428,0.007535684
0.981481481,0.762462462,259314712.6,0.022021472,0.027122912
0.958458458,0.073348348,208132890.5,0.032755676,0.002148773
0.982482482,0.298448448,289167918.9,0.016223428,0.024812884
0.973473473,0.144594595,156746887.2,0.095491801,0
0.948948949,0.101776777,168722476.7,0.042382651,6.61E-05
0.944944945,0.081981982,135116196.8,0.060899243,0.009316506
0.962462462,0.089264264,71298355.53,0.091196676,0
0.981481481,0.629454454,264117301.2,0.027938738,0.019618893
0.941441441,0.061936937,128370424.6,0.069049928,0.014203128
0.978478478,0.433058058,176432491,0.087870825,0.00272334
0.966966967,0.222447447,71559781.8,0.087498298,0.01235619
0.947447447,0.08465966,167594152.4,0.02877703,0.004232929
0.983483483,0.649924925,226749799,0.095535618,0.010789863
0.902902903,0.060185185,0,0.055144912,0.016354424
0.971471471,0.051351351,169815982.4,0.087151823,0.012641197
0.962462462,0.082207207,93854645.75,0.077221186,0.014525485
0.968968969,0.701276276,86034464.58,0.081958257,0.027763329
0.925425425,0.055580581,188874543.1,0.019041953,0.00796707
0.983983984,0.837062062,291043275.7,0.040980975,0.008449394
0.957957958,0.883658659,0,0.082754749,0.019278418
0.938438438,0.051401401,149442049.1,0.008036594,0.021207328
0.984484484,0.822322322,283765396.3,0.021356202,0.023988666
0.980980981,0.646796797,258980608.8,0.033805477,0.014126628
0.977477477,0.345820821,173705038.4,0.077646018,0.015518896
0.968468468,0.104204204,132918461.3,0.084905206,0.013909442
0.98048048,0.850925926,248953535.6,0.022623899,0.023507195
0.956456456,0.0498999,207580550.3,0.030425129,0.004896592
0.976476476,0.19491992,162034398.2,0.098030051,0
0.964964965,0.101301301,108744648.1,0.088195501,0.011699094
0.970970971,0.100800801,164697373.6,0.08203678,0.00399548
0.960960961,0.101426426,207052496.4,0.035668374,0.003262752
0.964964965,0.04954955,236548264.3,0.024195153,0.006103141
0.971471471,0.065690691,259664238.6,0.006957464,0.021340062
0.938938939,0.058883884,115708255.1,0.06323385,0.008620852
0.969469469,0.766491491,89346100.53,0.102370309,0
0.919419419,0.05970971,0,0.069258899,0.007653146
0.971471471,0.545970971,129826216.7,0.101619504,0
0.982482482,0.629304304,277910576,0.018764986,0.029675255
0.97047047,0.104404404,150691194.4,0.084982066,0.013920214
0.97047047,0.055880881,258067909.7,0.014934218,0.019999588
0.966966967,0.058283283,148879375,0.085938219,0
0.983483483,0.82464965,277264802.5,0.030765327,0.019108292
0.981481481,0.299774775,283765396.3,0.02468114,0.009456035
0.962462462,0.066566567,213005713.7,0.06564387,0.007322315
0.936436436,0.050650651,149730636.7,0.012366689,0.018088518
0.983483483,0.801876877,277628200,0.019535556,0.025172635
0.981481481,0.506856857,193121440.2,0.095129275,0.009542588
0.98048048,0.378953954,193121440.2,0.113105909,0
0.965965966,0.053078078,239853320.6,0.027569467,0.004113115
0.974974975,0.21539039,157668336.7,0.091328978,0
0.976476476,0.220345345,162995428.5,0.08942078,0.010034646
0.967967968,0.099124124,143309089.1,0.091666308,0
